Covidence..,Study.ID,Title,Reviewer.Name,Does.the.study.include.a.socio.environmental.model.,Country...region.in.which.the.study.is.focused,Miscellaneous.Notes,Type.of.Model,Does.the.study.quantify.model.uncertainty.,How.does.this.model.quantify.uncertainty.,Does.the.model.uncertainty.approach.fall.into.any.of.the.following.categories.
309,Bischof 2010,"Negotiating uncertainty: Framing attitudes, prioritizing issues, and finding consensus in the coral reef environment management ""crisis""",Reviewer1,No,,,,,,
309,Bischof 2010,"Negotiating uncertainty: Framing attitudes, prioritizing issues, and finding consensus in the coral reef environment management ""crisis""",Reviewer2,No,,,,,,
309,Bischof 2010,"Negotiating uncertainty: Framing attitudes, prioritizing issues, and finding consensus in the coral reef environment management ""crisis""",Consensus,No,,,,,,
308,Walsh 2008,"Complexity theory, spatial simulation models, and land use dynamics in the Northern Ecuadorian Amazon",Reviewer1,Yes,Ecuador,,Other: Cellular Automata,Yes,Validation / cross-validation (using empirical data),Model specification; Knowledge of the system
308,Walsh 2008,"Complexity theory, spatial simulation models, and land use dynamics in the Northern Ecuadorian Amazon",Reviewer2,Yes,Northern Ecuadorian Amazon,,Other: Cellular Automata,Yes,Validation / cross-validation (using empirical data),Knowledge of the system
308,Walsh 2008,"Complexity theory, spatial simulation models, and land use dynamics in the Northern Ecuadorian Amazon",Consensus,Yes,Ecuador,,Other: Cellular Automata,Yes,Validation / cross-validation (using empirical data),Model specification; Knowledge of the system
307,Silva 2018,A bottom-up methodology for long term electricity consumption forecasting of an industrial sector - Application to pulp and paper sector in Brazil,Reviewer1,No,,The paper has environmental implications but the model they applied to predict electricity consumption doesn't have any environmental elements.,,,,
307,Silva 2018,A bottom-up methodology for long term electricity consumption forecasting of an industrial sector - Application to pulp and paper sector in Brazil,Reviewer2,Yes,Brazil,Has socio-environmental implications but focused on electricity ,Other: FORECAST model plus a combination of energy efficiency measures (EEMs),No,,
307,Silva 2018,A bottom-up methodology for long term electricity consumption forecasting of an industrial sector - Application to pulp and paper sector in Brazil,Consensus,No,,The paper has environmental implications but the model they applied to predict electricity consumption doesn't have any environmental elements.,,Other: ,,
306,Wandersee 2012,"Perception and decisions in modeling coupled human and natural systems: A case study from Fanjingshan National Nature Reserve, China",Reviewer1,Yes,China,,Conceptual model (non-quantitative); Other: conceptual model plus a multiple logistic regression model,Yes, Sensitivity analysis; Other: described their uncertainty quantifications as confidence interval calculations and simulations,
306,Wandersee 2012,"Perception and decisions in modeling coupled human and natural systems: A case study from Fanjingshan National Nature Reserve, China",Reviewer2,Yes,China,,Other: Logit regression,Yes,Validation / cross-validation (using empirical data),Model specification
306,Wandersee 2012,"Perception and decisions in modeling coupled human and natural systems: A case study from Fanjingshan National Nature Reserve, China",Consensus,Yes,China,,Conceptual model (non-quantitative); Other: conceptual model plus a multiple logistic regression model,Yes, Sensitivity analysis; Other: described their uncertainty quantifications as confidence interval calculations and simulations,Model specification
303,Song 2024,Multi-Dimensional Collaborative Optimization Model for Agricultural Water Rights Based on Water Price Reform under Changing Environment,Reviewer1,Yes,"Heilongjiang province, northeast China.",,System dynamics model,Yes,Other: intuitive fuzzy number,Model specification; Empirical data limitations
303,Song 2024,Multi-Dimensional Collaborative Optimization Model for Agricultural Water Rights Based on Water Price Reform under Changing Environment,Reviewer2,Yes,China,,System dynamics model,Yes, Sensitivity analysis,Knowledge of the system; Spatial and temporal scale issues; Empirical data limitations
303,Song 2024,Multi-Dimensional Collaborative Optimization Model for Agricultural Water Rights Based on Water Price Reform under Changing Environment,Consensus,Yes,China,,System dynamics model,Yes, Sensitivity analysis; Other: intuitive fuzzy number,Model specification; Knowledge of the system; Spatial and temporal scale issues; Empirical data limitations
302,Jaax 2024,"Tracing nitrogen pollution from wastewater on an oceanic, touristic island: Integrating local knowledge and uncertainty into a mass balance modeling approach",Reviewer1,Yes,"San Andres Island, Colombia",,Conceptual model (non-quantitative); Other: mass balance model,Yes,Other: Monte Carlo simulation ,Model specification
302,Jaax 2024,"Tracing nitrogen pollution from wastewater on an oceanic, touristic island: Integrating local knowledge and uncertainty into a mass balance modeling approach",Reviewer2,Yes,Colombia,,System dynamics model; Conceptual model (non-quantitative),Yes,Sensitivity analysis using factorial design,Knowledge of the system; Spatial dependence & heterogeneity issues; Empirical data limitations
302,Jaax 2024,"Tracing nitrogen pollution from wastewater on an oceanic, touristic island: Integrating local knowledge and uncertainty into a mass balance modeling approach",Consensus,Yes,Colombia,,System dynamics model; Conceptual model (non-quantitative); Other: mass balance model,Yes,Sensitivity analysis using factorial design; Other: Monte Carlo simulation,Model specification; Knowledge of the system; Spatial dependence & heterogeneity issues; Empirical data limitations
289,BaoLe 2012,Comparison of two common empirical methods to model land-use choices in a multi-agent system simulation of landscape transition: Implication for a hybrid approach,Reviewer1,Yes,"Hong Ha commune, Central Vietnam",compares two land use decision submodels,Agent-based model,Yes,Validation / cross-validation (using empirical data),Model specification; Computing limitations; Empirical data limitations
289,BaoLe 2012,Comparison of two common empirical methods to model land-use choices in a multi-agent system simulation of landscape transition: Implication for a hybrid approach,Reviewer2,Yes,Vietnam,,Agent-based model; System dynamics model,Yes,Validation / cross-validation (using empirical data),Model specification
289,BaoLe 2012,Comparison of two common empirical methods to model land-use choices in a multi-agent system simulation of landscape transition: Implication for a hybrid approach,Consensus,Yes,Vietnam,,Agent-based model,Yes,Validation / cross-validation (using empirical data),Model specification; Computing limitations; Empirical data limitations
288,Barhagh 2021,System dynamics to assess the effectiveness of restoration scenarios for the Urmia Lake: A prey-predator approach for the human-environment uncertain interactions,Reviewer1,Yes,Iran,,System dynamics model,Yes,Validation / cross-validation (using empirical data); Other: Monte Carlo simulation,Model specification; Knowledge of the system; Spatial and temporal scale issues; Empirical data limitations
288,Barhagh 2021,System dynamics to assess the effectiveness of restoration scenarios for the Urmia Lake: A prey-predator approach for the human-environment uncertain interactions,Reviewer2,Yes,Iran,,System dynamics model,Yes, Sensitivity analysis,Knowledge of the system; Empirical data limitations
288,Barhagh 2021,System dynamics to assess the effectiveness of restoration scenarios for the Urmia Lake: A prey-predator approach for the human-environment uncertain interactions,Consensus,Yes,Iran,,System dynamics model,Yes, Sensitivity analysis,Knowledge of the system; Spatial and temporal scale issues; Empirical data limitations
287,Neumann 2021,Implementation of a watershed modelling framework to support adaptive management in the Canadian side of the Lake Erie basin,Reviewer1,Yes,Lake Erie,,System dynamics model,Yes,Validation / cross-validation (using empirical data),Model specification; Knowledge of the system; Spatial and temporal scale issues; Spatial dependence & heterogeneity issues; Empirical data limitations
287,Neumann 2021,Implementation of a watershed modelling framework to support adaptive management in the Canadian side of the Lake Erie basin,Reviewer2,Yes,Canada,,System dynamics model,,Validation / cross-validation (using empirical data),Model specification; Knowledge of the system; Spatial and temporal scale issues; Spatial dependence & heterogeneity issues; Empirical data limitations
287,Neumann 2021,Implementation of a watershed modelling framework to support adaptive management in the Canadian side of the Lake Erie basin,Consensus,Yes,Lake Erie,,System dynamics model,Yes,Validation / cross-validation (using empirical data),Model specification; Knowledge of the system; Spatial and temporal scale issues; Spatial dependence & heterogeneity issues; Empirical data limitations
286,Carper 2021,Quantifying the transient shock response of dynamic agroecosystem variables for improved socio-environmental resilience,Reviewer1,Yes,Pakistan,,Biophysical model; Conceptual model (non-quantitative),Yes,Other: Behavior pattern-based sensitivity analysis,
286,Carper 2021,Quantifying the transient shock response of dynamic agroecosystem variables for improved socio-environmental resilience,Reviewer2,Yes,Pakistan,"biophysical-socioeconomic coupled model, not just a biophysical model",Biophysical model; Other: biophysical-socioeconomic coupled model,No,,
286,Carper 2021,Quantifying the transient shock response of dynamic agroecosystem variables for improved socio-environmental resilience,Consensus,Yes,Pakistan,coupled biophysical and socioeconomic model,Biophysical model; Other: coupled biophysical and socioeconomic model,Other: no,,
285,Farmani 2008,An evolutionary Bayesian belief network-based methodology for adaptive water management,Reviewer1,Yes,,,Other: Bayesian Belief Networks,No,,
285,Farmani 2008,An evolutionary Bayesian belief network-based methodology for adaptive water management,Reviewer2,Yes,,,System dynamics model; Conceptual model (non-quantitative),No,,
285,Farmani 2008,An evolutionary Bayesian belief network-based methodology for adaptive water management,Consensus,Yes,,,Other: Bayesian Belief Networks,No,,
280,Jin 2010,A multistage scenario-based inexact fuzzy-stochastic chance-constrained programming for water resources management under uncertainty,Reviewer1,Yes,N/A,No clear study area. Appears to use hypothetical requirements for model.,System dynamics model,No,,
280,Jin 2010,A multistage scenario-based inexact fuzzy-stochastic chance-constrained programming for water resources management under uncertainty,Reviewer2,Yes,"The model was tested on a case study with two reservoirs, but no location information.",,System dynamics model,Yes, Sensitivity analysis,Knowledge of the system
280,Jin 2010,A multistage scenario-based inexact fuzzy-stochastic chance-constrained programming for water resources management under uncertainty,Consensus,Yes,N/A,No clear study area. Appears to use hypothetical requirements for model. Just uses intervals as a sensitivity analysis approach. ,System dynamics model,Yes, Sensitivity analysis,Knowledge of the system
279,Carvajal 2019,Challenges for hydropower-based nationally determined contributions: a case study for Ecuador,Reviewer1,Yes,Ecuador,,System dynamics model,Yes,Sensitivity analysis using factorial design,Model specification; Knowledge of the system
279,Carvajal 2019,Challenges for hydropower-based nationally determined contributions: a case study for Ecuador,Reviewer2,Yes,Ecuador/South America,,System dynamics model,No,,
279,Carvajal 2019,Challenges for hydropower-based nationally determined contributions: a case study for Ecuador,Consensus,Yes,Ecuador,,System dynamics model,Yes,Sensitivity analysis using factorial design,Model specification; Knowledge of the system
275,Little 2019,"A tiered, system-of-systems modeling framework for resolving complex socio-environmental policy issues",Reviewer1,Yes,not specify,,Conceptual model (non-quantitative),Yes,"Other: For example, the adoption of integrated uncertainty assessment approaches which consider the various sources of uncertainty throughout the modeling process and their implications for the modeling purpose. ",Model specification; Knowledge of the system
275,Little 2019,"A tiered, system-of-systems modeling framework for resolving complex socio-environmental policy issues",Reviewer2,Yes,USA,,System dynamics model,Yes,Sensitivity analysis using factorial design,Knowledge of the system
275,Little 2019,"A tiered, system-of-systems modeling framework for resolving complex socio-environmental policy issues",Consensus,Yes,USA; specifically one example each in Chesapeake Bay and coastal Louisiana,,Conceptual model (non-quantitative),"Other: Yes (well, they outline how one might quantify uncertainty but don't do it themselves)","Sensitivity analysis using factorial design; Other: For example, the adoption of integrated uncertainty assessment approaches which consider the various sources of uncertainty throughout the modeling process and their implications for the modeling purpose. ",Model specification; Knowledge of the system
269,Grêt-Regamey 2013,Facing uncertainty in ecosystem services-based resource management,Reviewer1,Yes,Switzerland,,System dynamics model,Yes, Sensitivity analysis,Knowledge of the system; Spatial and temporal scale issues; Empirical data limitations
269,Grêt-Regamey 2013,Facing uncertainty in ecosystem services-based resource management,Reviewer2,Yes,Swiss Alps,,Other: The spatially explicit risk approach links Bayesian networks to a Geographic Information System for forecasting the value of a bundle of ecosystem services and quantifies the uncertainties related to the outcomes in a spatially explicit manner.,Yes, Sensitivity analysis; Other: Bayesian network updated by expert knowledge,Model specification; Knowledge of the system; Spatial and temporal scale issues; Empirical data limitations
269,Grêt-Regamey 2013,Facing uncertainty in ecosystem services-based resource management,Consensus,Yes,Switzerland,,System dynamics model; Other: The spatially explicit risk approach links Bayesian networks to a Geographic Information System for forecasting the value of a bundle of ecosystem services and quantifies the uncertainties related to the outcomes in a spatially explicit manner.,Yes, Sensitivity analysis,Model specification; Knowledge of the system; Spatial and temporal scale issues; Empirical data limitations
268,Viana 2021,A Decision Support System for Multidimensional Risk Evaluation of Natural Gas Pipelines,Reviewer1,Yes,unspecified,,System dynamics model,Yes, Sensitivity analysis,Knowledge of the system
268,Viana 2021,A Decision Support System for Multidimensional Risk Evaluation of Natural Gas Pipelines,Reviewer2,No,,,,,,
268,Viana 2021,A Decision Support System for Multidimensional Risk Evaluation of Natural Gas Pipelines,Consensus,Yes,Not mention,,System dynamics model,Yes, Sensitivity analysis,Knowledge of the system
267,Kocabas 2004,Sensitivity analysis of a GIS-based cellular automata model,Reviewer1,Yes,San Diego Bay Area,,Other: GIS-based cellular automata urban growth model,Yes, Sensitivity analysis,Model specification; Empirical data limitations
267,Kocabas 2004,Sensitivity analysis of a GIS-based cellular automata model,Reviewer2,Yes,US,,Biophysical model,Yes, Sensitivity analysis,Model specification; Knowledge of the system
267,Kocabas 2004,Sensitivity analysis of a GIS-based cellular automata model,Consensus,Yes,USA,Question: do we automatically consider CA models as ABMs?,Other: GIS-based cellular automata urban growth model,Yes, Sensitivity analysis,Model specification; Knowledge of the system; Empirical data limitations
266,Small 2018,A human-environmental network model for assessing coastal mitigation decisions informed by imperfect climate studies,Reviewer1,Yes,USA (NYC),,Other: Bayesian Network Model,Yes, Sensitivity analysis; Other: Markov Chain Monte Carlo with a diffuse conjugate prior distribution,Model specification; Knowledge of the system; Empirical data limitations
266,Small 2018,A human-environmental network model for assessing coastal mitigation decisions informed by imperfect climate studies,Reviewer2,Yes,United States,Focuses on New York City,Other: Bayesian network model,Yes, Sensitivity analysis,
266,Small 2018,A human-environmental network model for assessing coastal mitigation decisions informed by imperfect climate studies,Consensus,Yes,USA,,Other: Bayesian network model,Yes, Sensitivity analysis,Model specification; Knowledge of the system
264,Ren 2019,Spatially explicit simulation of land use/land cover changes: Current coverage and future prospects,Reviewer1,Yes,,review paper,Agent-based model; System dynamics model,No,,
264,Ren 2019,Spatially explicit simulation of land use/land cover changes: Current coverage and future prospects,Reviewer2,Yes,,,Agent-based model,Yes,Other: It highlights the importance of uncertainty quantification as a future direction for the field of LULC change modeling.,Knowledge of the system; Spatial and temporal scale issues; Empirical data limitations
264,Ren 2019,Spatially explicit simulation of land use/land cover changes: Current coverage and future prospects,Consensus,Yes,,review paper,Agent-based model; System dynamics model,No,,
261,Pourmehdi 2020,Scenario-based design of a steel sustainable closed-loop supply chain network considering production technology,Reviewer1,Yes,Iran,,Other: Mathematical Model,Yes, Sensitivity analysis,Knowledge of the system; Empirical data limitations
261,Pourmehdi 2020,Scenario-based design of a steel sustainable closed-loop supply chain network considering production technology,Reviewer2,Yes,Iran,,Other: Multi-objective optimization,Yes,Other: Stochastic programming,Knowledge of the system
261,Pourmehdi 2020,Scenario-based design of a steel sustainable closed-loop supply chain network considering production technology,Consensus,Yes,Iran,,Other: Multi-objective optimization,Yes,Other: Stochastic programming,Knowledge of the system; Empirical data limitations
257,Kelic 2013,Decision framework for evaluating the macroeconomic risks and policy impacts of cyber attacks,Reviewer1,No,,,,,,
257,Kelic 2013,Decision framework for evaluating the macroeconomic risks and policy impacts of cyber attacks,Reviewer2,Yes,,,"Agent-based model; Other: Multi-criteria decision analysis, macroeconomic modeling",Yes,Other: Scenario analysis,
257,Kelic 2013,Decision framework for evaluating the macroeconomic risks and policy impacts of cyber attacks,Consensus,No,,,,Other: ,,
256,Ferri 2015,An approach to urban regeneration by game theory and decisions,Reviewer1,No,,,,,,
256,Ferri 2015,An approach to urban regeneration by game theory and decisions,Reviewer2,No,,,,,,
256,Ferri 2015,An approach to urban regeneration by game theory and decisions,Consensus,No,,,,,,
250,Hansen 2007,An adaptive land-use simulation model for integrated coastal zone planning,Reviewer1,Yes,Denmark,,Other: cell-based simulation approach,Yes,Validation / cross-validation (using empirical data);  Sensitivity analysis,Model specification; Spatial and temporal scale issues; Empirical data limitations
250,Hansen 2007,An adaptive land-use simulation model for integrated coastal zone planning,Reviewer2,Yes,European coastal zone,,Conceptual model (non-quantitative),No,,
250,Hansen 2007,An adaptive land-use simulation model for integrated coastal zone planning,Consensus,Yes,European coastal zone,,Other: cell-based simulation approach,Yes,Validation / cross-validation (using empirical data);  Sensitivity analysis,Model specification; Spatial and temporal scale issues; Empirical data limitations
246,Convertino 2014,Optimal surveillance system design for outbreak source detection maximization: A vol model,Reviewer1,Yes,"United States, Mexico",,Other: traceback model,Yes, Sensitivity analysis; Other: Global sensitivity and uncertainty analysis,Knowledge of the system
246,Convertino 2014,Optimal surveillance system design for outbreak source detection maximization: A vol model,Reviewer2,Yes,US,,System dynamics model,, Sensitivity analysis,Model specification
246,Convertino 2014,Optimal surveillance system design for outbreak source detection maximization: A vol model,Consensus,Yes,USA,,Other: traceback model of disease outbreak,Yes, Sensitivity analysis; Other: Global sensitivity and uncertainty analysis,Model specification; Knowledge of the system
244,Strickert 2009,Resilience models for New Zealand's Alpine Skiers based on people's knowledge and experience: A mixed method and multi-step fuzzy cognitive mapping approach,Reviewer1,Yes,New Zealand,,Conceptual model (non-quantitative); Other: mixed methods,No,,
244,Strickert 2009,Resilience models for New Zealand's Alpine Skiers based on people's knowledge and experience: A mixed method and multi-step fuzzy cognitive mapping approach,Reviewer2,Yes,New Zealand,,Other: Multi-step fuzzy cognitive mapping approach,No,,
244,Strickert 2009,Resilience models for New Zealand's Alpine Skiers based on people's knowledge and experience: A mixed method and multi-step fuzzy cognitive mapping approach,Consensus,Yes,New Zealand,,Conceptual model (non-quantitative); Other: Multi-step fuzzy cognitive mapping approach (Artificial Neural Networks) ,No,,
242,Mishra 2024,Evaluation and Prioritization of Sustainable Enterprise Resource Planning in SMEs Using q-Rung Orthopair Fuzzy Rough Set-Based Decision Support Model,Reviewer1,Yes,Indian,,Other: q-Rung Orthopair Fuzzy Rough Set-Based Decision Support Model,Yes, Sensitivity analysis,Model specification
242,Mishra 2024,Evaluation and Prioritization of Sustainable Enterprise Resource Planning in SMEs Using q-Rung Orthopair Fuzzy Rough Set-Based Decision Support Model,Reviewer2,Yes,India,,Other: q-Rung Orthopair Fuzzy Rough Set-Based Decision Support Model,Yes, Sensitivity analysis,Knowledge of the system; Empirical data limitations
242,Mishra 2024,Evaluation and Prioritization of Sustainable Enterprise Resource Planning in SMEs Using q-Rung Orthopair Fuzzy Rough Set-Based Decision Support Model,Consensus,Yes,India,,Other: q-Rung Orthopair Fuzzy Rough Set-Based Decision Support Model,Yes, Sensitivity analysis,Model specification; Knowledge of the system; Empirical data limitations
241,Zellner 2008,Embracing complexity and uncertainty: The potential of agent-based modeling for environmental planning and policy,Reviewer1,No,,,,,,
241,Zellner 2008,Embracing complexity and uncertainty: The potential of agent-based modeling for environmental planning and policy,Reviewer2,Yes,"Monroe County, Michigan",,Agent-based model,No,,
241,Zellner 2008,Embracing complexity and uncertainty: The potential of agent-based modeling for environmental planning and policy,Consensus,Yes,"Monroe County, Michigan",,Agent-based model,No,,
234,Obiedat 2013,Fuzzy representation and aggregation of fuzzy cognitive maps,Reviewer1,Yes,Not specified,,Conceptual model (non-quantitative),No,,
234,Obiedat 2013,Fuzzy representation and aggregation of fuzzy cognitive maps,Reviewer2,No,,,"Other: Fuzzy Cognitive Maps, a semi-quantitative model",No,,
234,Obiedat 2013,Fuzzy representation and aggregation of fuzzy cognitive maps,Consensus,No,,,Other: Fuzzy Cognitive Maps,No,,
233,Martínez 2023,Coupled Model for Assessing the Present and Future Watershed Vulnerabilities to Climate Change Impacts,Reviewer1,Yes,Mexico,,Other: Artificial Neural Networks,Yes,Other: Monte Carlo simulation,Spatial and temporal scale issues; Computing limitations; Empirical data limitations
233,Martínez 2023,Coupled Model for Assessing the Present and Future Watershed Vulnerabilities to Climate Change Impacts,Reviewer2,Yes,Mexico,,System dynamics model,Yes,Validation / cross-validation (using empirical data),Knowledge of the system
233,Martínez 2023,Coupled Model for Assessing the Present and Future Watershed Vulnerabilities to Climate Change Impacts,Consensus,Yes,Mexico,,Other: Artificial Neural Networks,Yes,Other: Monte Carlo simulation,Knowledge of the system; Spatial and temporal scale issues; Computing limitations; Empirical data limitations
228,LaTorre 2017,Pollution Control Under Uncertainty and Sustainability Concern,Reviewer1,Yes,,,Other: optimal control model,Yes,Other: standard deviation,Knowledge of the system; Empirical data limitations
228,LaTorre 2017,Pollution Control Under Uncertainty and Sustainability Concern,Reviewer2,Yes,,,Other: The study uses a stochastic optimal control model which incorporates elements of 1. Optimal control theory to determine the best course of action to achieve a desired outcome. 2. Stochastic processes that account for uncertainty and randomness in the system.,Yes,Other: The model incorporates a standard deviation term (σ) to represent the variability or uncertainty associated with pollution levels. This standard deviation is estimated from historical data on CO2 concentrations.,Knowledge of the system; Empirical data limitations; Other: The inherent randomness or variability in pollution levels is another aspect of uncertainty that the model captures through the standard deviation.
228,LaTorre 2017,Pollution Control Under Uncertainty and Sustainability Concern,Consensus,Yes,,,Other: The study uses a stochastic optimal control model which incorporates elements of 1. Optimal control theory to determine the best course of action to achieve a desired outcome. 2. Stochastic processes that account for uncertainty and randomness in the system.,Yes,Other: The model incorporates a standard deviation term (σ) to represent the variability or uncertainty associated with pollution levels. This standard deviation is estimated from historical data on CO2 concentrations.,Knowledge of the system; Empirical data limitations; Other
222,Pinheiro 2019,From decision-making to Oceans Accounts: A case study,Reviewer1,Yes,Northern Litoral Natural Park,,Other: Oceans Accounts framework ,No,,
222,Pinheiro 2019,From decision-making to Oceans Accounts: A case study,Reviewer2,Yes,Portugal,,Other:  Geostatistics model,No,,
222,Pinheiro 2019,From decision-making to Oceans Accounts: A case study,Consensus,Yes,Portugal,,"Other: Geostatistical model based on Oceans 
Accounts framework",No,,
221,Ocampo-Melgar 2022,Cooperation under conflict: participatory hydrological modeling for science policy dialogues for the Aculeo Lake,Reviewer1,Yes, Aculeo basin in Chile,,Other: semi-distributed hydrological model,No,,
221,Ocampo-Melgar 2022,Cooperation under conflict: participatory hydrological modeling for science policy dialogues for the Aculeo Lake,Reviewer2,Yes,Chile,,Other: Participatory hydrological modeling,No,,
221,Ocampo-Melgar 2022,Cooperation under conflict: participatory hydrological modeling for science policy dialogues for the Aculeo Lake,Consensus,Yes,Chile,,Other: Participatory hydrological modeling,No,,
220,Hu 2023,Reliable design of urban surface-underground integrated logistics system network with stochastic demand and social-environmental concern,Reviewer1,Yes,Beijing,,System dynamics model,Yes, Sensitivity analysis,Knowledge of the system
220,Hu 2023,Reliable design of urban surface-underground integrated logistics system network with stochastic demand and social-environmental concern,Reviewer2,Yes,China,,System dynamics model,Yes, Sensitivity analysis,Empirical data limitations
220,Hu 2023,Reliable design of urban surface-underground integrated logistics system network with stochastic demand and social-environmental concern,Consensus,Yes,"Beijing, China",,System dynamics model,Yes, Sensitivity analysis,Knowledge of the system; Empirical data limitations
219,Angulo 2014,A continuous bi-level model for the expansion of highway networks,Reviewer1,Yes,Spain,,Other: continuous location model,Yes,Other: uncertainty in demand,
219,Angulo 2014,A continuous bi-level model for the expansion of highway networks,Reviewer2,Yes,Castilla-La Mancha Region,,Other: bi-level model for optimization,Yes,Validation / cross-validation (using empirical data),Model specification
219,Angulo 2014,A continuous bi-level model for the expansion of highway networks,Consensus,Yes,Spain,,Other: continuous location model,Yes,Validation / cross-validation (using empirical data),Model specification
215,Birnbaum 2022,Drivers of Future Physical Water Scarcity and Its Economic Impacts in Latin America and the Caribbean,Reviewer1,Yes,Latin America and the Caribbean (LAC),,Other: Integrated Assessment Model (IAM),No,,
215,Birnbaum 2022,Drivers of Future Physical Water Scarcity and Its Economic Impacts in Latin America and the Caribbean,Reviewer2,Yes, Countries in Latin America and the Caribbean,,System dynamics model; Other: dynamic-recursive partial equilibrium model ,Yes,Sensitivity analysis using factorial design,Model specification; Knowledge of the system; Computing limitations; Spatial dependence & heterogeneity issues
215,Birnbaum 2022,Drivers of Future Physical Water Scarcity and Its Economic Impacts in Latin America and the Caribbean,Consensus,Yes,Latin America and the Caribbean (LAC),,"Other: dynamic-recursive partial equilibrium model (GCAM, a type of IAM)",Yes,Sensitivity analysis using factorial design,Model specification; Knowledge of the system; Computing limitations; Spatial dependence & heterogeneity issues
214,Keyel 2021,A proposed framework for the development and qualitative evaluation of West Nile virus models and their application to local public health decision-making,Reviewer1,Yes,United States,The paper developed a framework for applying models to decisions and tested it on 13 representative models that have been developed to understand. ,"Other: Historical Null, Spatial Risk Random Forest, Temperature-trait-based Relative R_0 Model, Spatial Risk High Resolution BRT model, RF1, NE_WNV Country-years, GLMER Ensembel. Harris Country, ArboMAP, Chicago Ultra-Fine Scale, Model-EAKF System, Temperature-forced Model-EAKF System, California Risk Assessment. ",Yes,Validation / cross-validation (using empirical data);  Sensitivity analysis,Model specification; Spatial and temporal scale issues
214,Keyel 2021,A proposed framework for the development and qualitative evaluation of West Nile virus models and their application to local public health decision-making,Reviewer2,No,,"This is a review paper, does not include a model of their own. ",,,,
214,Keyel 2021,A proposed framework for the development and qualitative evaluation of West Nile virus models and their application to local public health decision-making,Consensus,No,USA,Review paper,,No,,
213,Hamstead 2018,Geolocated social media as a rapid indicator of park visitation and equitable park access,Reviewer1,No,,,,,,
213,Hamstead 2018,Geolocated social media as a rapid indicator of park visitation and equitable park access,Reviewer2,Yes,New York/ United States,,Conceptual model (non-quantitative),No,,
213,Hamstead 2018,Geolocated social media as a rapid indicator of park visitation and equitable park access,Consensus,Yes,New York/ United States,,Other: Regression model,Yes,Validation / cross-validation (using empirical data),
212,Kim 2014,"Assessment of future water resources and water scarcity considering the factors of climate change and social-environmental change in Han River basin, Korea",Reviewer1,Yes,"Han River Basin, Korea",,"Other: Multi-Regression, SLURP model, RegCM3 model. ",Yes, Sensitivity analysis,Model specification
212,Kim 2014,"Assessment of future water resources and water scarcity considering the factors of climate change and social-environmental change in Han River basin, Korea",Reviewer2,,Korea,,,No,,
212,Kim 2014,"Assessment of future water resources and water scarcity considering the factors of climate change and social-environmental change in Han River basin, Korea",Consensus,Yes,Korea,,"Other: Multi-Regression, SLURP model, RegCM3 model. ",Yes, Sensitivity analysis,Model specification
211,Gou 2016,The Role of Maps in Capturing Distal Drivers of Deforestation and Degradation: A Case Study in Central Mozambique,Reviewer1,Yes,Mozambique,,Biophysical model,No,,
211,Gou 2016,The Role of Maps in Capturing Distal Drivers of Deforestation and Degradation: A Case Study in Central Mozambique,Reviewer2,Yes,Mozambique,,Biophysical model,No,,
211,Gou 2016,The Role of Maps in Capturing Distal Drivers of Deforestation and Degradation: A Case Study in Central Mozambique,Consensus,Yes,Mozambique,,Biophysical model,No,,
210,Runfola 2013,"A growing concern? Examining the influence of lawn size on residential water use in suburban Boston, MA, USA",Reviewer1,Yes,USA,"really three models - regression, GEOMOD application to project urban growth, then application of the regression covariates. I'm only focusing on the final one as it's what the study builds to. ","Other: GEOMOD seems most similar to a cellular automata model, and they use ordinary kriging to project water use",No,,
210,Runfola 2013,"A growing concern? Examining the influence of lawn size on residential water use in suburban Boston, MA, USA",Reviewer2,Yes,"Boston, USA",,System dynamics model,No,Other: Does not quantify model uncertainty,Other: Does not quantify model uncertainty
210,Runfola 2013,"A growing concern? Examining the influence of lawn size on residential water use in suburban Boston, MA, USA",Consensus,Yes,USA,"Three models - regression, GEOMOD application to project urban growth, then application of the regression covariates. Only focused on the final one as it's what the study builds to. ","Other: GEOMOD seems most similar to a cellular automata model, and they use ordinary kriging to project water use",No,,
209,McDonald 2014,Water on an urban planet: Urbanization and the reach of urban water infrastructure,Reviewer1,Yes,Global,,Other: Summary statistics obtained from different water stress and other ancillary models,No,,
209,McDonald 2014,Water on an urban planet: Urbanization and the reach of urban water infrastructure,Reviewer2,Yes,global,,System dynamics model; Biophysical model,Yes,Validation / cross-validation (using empirical data);  Sensitivity analysis,Knowledge of the system; Spatial and temporal scale issues; Empirical data limitations
209,McDonald 2014,Water on an urban planet: Urbanization and the reach of urban water infrastructure,Consensus,Yes,Global,,Biophysical model; Other: Summary statistics obtained from different water stress and other ancillary models,No,,
208,Thorel 2018,Socio-environmental implications of process-based restoration strategies in large rivers: should we remove novel ecosystems along the Rhone (France)?,Reviewer1,Yes,France,,Conceptual model (non-quantitative),No,Other: NA,Model specification; Knowledge of the system; Spatial and temporal scale issues; Empirical data limitations
208,Thorel 2018,Socio-environmental implications of process-based restoration strategies in large rivers: should we remove novel ecosystems along the Rhone (France)?,Reviewer2,Yes,France,,Conceptual model (non-quantitative),No,,
208,Thorel 2018,Socio-environmental implications of process-based restoration strategies in large rivers: should we remove novel ecosystems along the Rhone (France)?,Consensus,Yes,France,,Conceptual model (non-quantitative),No,,
206,Walker 2023,Predicting the geographic distribution of ancient Amazonian archaeological sites with machine learning,Reviewer1,Yes,Amazonia,,Other: Machine learning,Yes,Validation / cross-validation (using empirical data),
206,Walker 2023,Predicting the geographic distribution of ancient Amazonian archaeological sites with machine learning,Reviewer2,Yes,Amazonia ,,,Yes,Validation / cross-validation (using empirical data),Spatial and temporal scale issues
206,Walker 2023,Predicting the geographic distribution of ancient Amazonian archaeological sites with machine learning,Consensus,Yes,Amazonia ,,Other: Machine learning,Yes,Validation / cross-validation (using empirical data),Spatial and temporal scale issues
205,Jager 2022,Using Bayesian Belief Networks to Investigate Farmer Behavior and Policy Interventions for Improved Nitrogen Management,Reviewer1,Yes,Central Valley in California.,,Other:  Bayesian belief network,No,Validation / cross-validation (using empirical data); Other: Introduce Prediction Improvement Value,Model specification
205,Jager 2022,Using Bayesian Belief Networks to Investigate Farmer Behavior and Policy Interventions for Improved Nitrogen Management,Reviewer2,Yes,USA,,Other: Bayesian belief network,Yes,Validation / cross-validation (using empirical data); Other: Prediction Improvement Value,Empirical data limitations
205,Jager 2022,Using Bayesian Belief Networks to Investigate Farmer Behavior and Policy Interventions for Improved Nitrogen Management,Consensus,Yes,USA,,Other: Bayesian belief network,Yes,Validation / cross-validation (using empirical data); Other: Prediction Improvement Value,Model specification; Empirical data limitations
204,Pontius 2018,Lessons and Challenges in Land Change Modeling Derived from Synthesis of Cross-Case Comparisons,Reviewer1,No,,"This is more like a survey paper summarizing the challenges of Land Change under three themes: mapping, modeling, and learning.",They do not develop / use a model,No,Other:  Does not include model uncertainty,Other: Does not include model uncertainty
204,Pontius 2018,Lessons and Challenges in Land Change Modeling Derived from Synthesis of Cross-Case Comparisons,Reviewer2,No,,This is a chapter in a book that compares the uncertainties in the results of various studies.,Other,,,
204,Pontius 2018,Lessons and Challenges in Land Change Modeling Derived from Synthesis of Cross-Case Comparisons,Consensus,No,,This is a chapter in a book that compares the uncertainties in the results of various studies.,,Other: ,,
203,Magliocca 2015,From meta-studies to modeling: Using synthesis knowledge to build broadly applicable process-based land change models,Reviewer1,Yes,N/A,"this study describes how to create models, so may not qualify ",Conceptual model (non-quantitative),Yes,,Spatial and temporal scale issues
203,Magliocca 2015,From meta-studies to modeling: Using synthesis knowledge to build broadly applicable process-based land change models,Reviewer2,Yes,,,Agent-based model,Yes,Other: pattern-oriented modeling (POM),Model specification
203,Magliocca 2015,From meta-studies to modeling: Using synthesis knowledge to build broadly applicable process-based land change models,Consensus,Yes,N/A,"this study describes how to create models, so may not qualify ",Conceptual model (non-quantitative),Yes,Other: pattern-oriented modeling (POM),Model specification
201,Sterling 2019,"Try, try again: Lessons learned from success and failure in participatory modeling",Reviewer1,No,,"Reflection of a modeling approach, not an actual model",,,,
201,Sterling 2019,"Try, try again: Lessons learned from success and failure in participatory modeling",Reviewer2,Yes,"US, Costa Rica, France, Czech Republic, Austria, New Zealand, Solomon Islands, and Kenya",,Agent-based model; System dynamics model,Yes,Validation / cross-validation (using empirical data);  Sensitivity analysis,Knowledge of the system; Spatial and temporal scale issues; Empirical data limitations
201,Sterling 2019,"Try, try again: Lessons learned from success and failure in participatory modeling",Consensus,No,,"Reflection of a modeling approach, not an actual model",,Other: ,,
200,Student 2020,A dynamic vulnerability approach for tourism destinations,Reviewer1,Yes,"Barbados, Curaco",,Agent-based model,No,,
200,Student 2020,A dynamic vulnerability approach for tourism destinations,Reviewer2,Yes,Caribbean islands of Barbados and Curac¸ao,,Conceptual model (non-quantitative),No,,
200,Student 2020,A dynamic vulnerability approach for tourism destinations,Consensus,Yes,Caribbean islands of Barbados and Curacao,,Agent-based model; Conceptual model (non-quantitative),No,,
198,Han 2022,Agent-based Modeling to Evaluate Human-Environment Interactions in Community Flood Risk Mitigation,Reviewer1,Yes,USA,,Agent-based model,Yes, Sensitivity analysis,Model specification
198,Han 2022,Agent-based Modeling to Evaluate Human-Environment Interactions in Community Flood Risk Mitigation,Reviewer2,Yes,USA,,Agent-based model,Yes,Sensitivity analysis using factorial design,Knowledge of the system; Spatial dependence & heterogeneity issues
198,Han 2022,Agent-based Modeling to Evaluate Human-Environment Interactions in Community Flood Risk Mitigation,Consensus,Yes,USA,,Agent-based model,Yes, Sensitivity analysis,Model specification
196,Hernández-Cedeño 2021,Social and environmental conflict analysis on energy projects: Bayesian predictive network approach,Reviewer1,Yes,Mexico ,,System dynamics model,No,Other: Does not quantify model uncertainty,Other: Does not quantify model uncertainty
196,Hernández-Cedeño 2021,Social and environmental conflict analysis on energy projects: Bayesian predictive network approach,Reviewer2,Yes,Mexico/South America,,Other: Diagnostic Bayesian Network,No,,
196,Hernández-Cedeño 2021,Social and environmental conflict analysis on energy projects: Bayesian predictive network approach,Consensus,Yes,Mexico ,"Do not quantify uncertainty, but the authors do acknowledge the limitations and employ some strategies to address uncertainty, e.g. incorporating expert judgement ",Other: Diagnostic Bayesian Network,No,,
195,Luus 2013,Representing ecological processes in agent-based models of land use and cover change,Reviewer1,Yes,Do not find it,,Agent-based model,No,Other: Does not quantify model uncertainty,Other: Does not quantify model uncertainty
195,Luus 2013,Representing ecological processes in agent-based models of land use and cover change,Reviewer2,No,,,,,,
195,Luus 2013,Representing ecological processes in agent-based models of land use and cover change,Consensus,No,,,,No,,
194,Alonzo 2021,Mapping and quantifying land cover dynamics using dense remote sensing time series with the user-friendly pyNITA software,Reviewer1,Yes,"Many; three case studies. Maryland, Colombia, and Ethiopia",,"Other: land change model ""Noise Insensitive Trajectory Algorithm""",Yes, Sensitivity analysis,Spatial and temporal scale issues; Computing limitations; Empirical data limitations
194,Alonzo 2021,Mapping and quantifying land cover dynamics using dense remote sensing time series with the user-friendly pyNITA software,Reviewer2,No,,,,,,
194,Alonzo 2021,Mapping and quantifying land cover dynamics using dense remote sensing time series with the user-friendly pyNITA software,Consensus,Other: yes,"US, Colombia, Ethiopia",,Other,Other: yes, Sensitivity analysis,Spatial and temporal scale issues; Computing limitations
192,Wimhurst 2023,Predicting commercial wind farm site suitability in the conterminous United States using a logistic regression model,Reviewer1,,USA,,Other: Logistic regression,Yes,Validation / cross-validation (using empirical data);  Sensitivity analysis,Model specification; Spatial and temporal scale issues
192,Wimhurst 2023,Predicting commercial wind farm site suitability in the conterminous United States using a logistic regression model,Reviewer2,Yes,USA,,Other: Logistic Regression,Yes,Validation / cross-validation (using empirical data);  Sensitivity analysis,Model specification; Knowledge of the system; Spatial and temporal scale issues; Spatial dependence & heterogeneity issues; Empirical data limitations
192,Wimhurst 2023,Predicting commercial wind farm site suitability in the conterminous United States using a logistic regression model,Consensus,Yes,USA,,Other: Logistic regression,Yes,Validation / cross-validation (using empirical data);  Sensitivity analysis,Model specification; Spatial and temporal scale issues; Spatial dependence & heterogeneity issues; Empirical data limitations
191,Wimhurst 2023,Using logistic regression-cellular automata to project future sites for commercial wind energy development,Reviewer1,Yes,USA,,System dynamics model,Yes, Sensitivity analysis,Knowledge of the system; Spatial and temporal scale issues
191,Wimhurst 2023,Using logistic regression-cellular automata to project future sites for commercial wind energy development,Reviewer2,Yes,US,,Other: Logistic Regression-Cellular Automata (LRCA),Yes,,Knowledge of the system; Spatial and temporal scale issues; Empirical data limitations
191,Wimhurst 2023,Using logistic regression-cellular automata to project future sites for commercial wind energy development,Consensus,Yes,USA,,Other: Logistic Regression-Cellular Automata (LRCA),Yes, Sensitivity analysis,Knowledge of the system; Spatial and temporal scale issues; Empirical data limitations
190,Gopal 2018,Conceptual frameworks for the drivers and barriers of integrated sustainable solid waste management: A TISM approach,Reviewer1,Yes,India,,Other: TISM model,No,Other: States that it is for future research,
190,Gopal 2018,Conceptual frameworks for the drivers and barriers of integrated sustainable solid waste management: A TISM approach,Reviewer2,Yes,India,,Conceptual model (non-quantitative),No,,
190,Gopal 2018,Conceptual frameworks for the drivers and barriers of integrated sustainable solid waste management: A TISM approach,Consensus,Yes,India,,Conceptual model (non-quantitative),No,,
187,Ganguly 2021,A multifaceted risk assessment approach using statistical learning to evaluate socio-environmental factors associated with regional felony and misdemeanor rates,Reviewer1,No,New York,,Other: random forest,Yes,Validation / cross-validation (using empirical data),Model specification
187,Ganguly 2021,A multifaceted risk assessment approach using statistical learning to evaluate socio-environmental factors associated with regional felony and misdemeanor rates,Reviewer2,Yes,"The state of New York, United States",,Other: Statistical learning model,No,,
187,Ganguly 2021,A multifaceted risk assessment approach using statistical learning to evaluate socio-environmental factors associated with regional felony and misdemeanor rates,Consensus,No,New York,,,Other: ,,
185,Shahumyan 2017,"Integration of land use, land cover, transportation, and environmental impact models: Expanding scenario analysis with multiple modules",Reviewer1,Yes,USA,,Other: Coupling of different models,No,,
185,Shahumyan 2017,"Integration of land use, land cover, transportation, and environmental impact models: Expanding scenario analysis with multiple modules",Reviewer2,Yes,United States,,Other: Uses 5 coupled models and unsure how to categorize each,No,,
185,Shahumyan 2017,"Integration of land use, land cover, transportation, and environmental impact models: Expanding scenario analysis with multiple modules",Consensus,Yes,USA,,Other: Uses 5 coupled models and unsure how to categorize each,No,,
184,Magliocca 2019,Modeling cocaine traffickers and counterdrug interdiction forces as a complex adaptive system,Reviewer1,Yes,US,,Agent-based model,No,,
184,Magliocca 2019,Modeling cocaine traffickers and counterdrug interdiction forces as a complex adaptive system,Reviewer2,Yes,United States and Central America,Used agent-based model but not really any environmental,Agent-based model,Yes, Sensitivity analysis,
184,Magliocca 2019,Modeling cocaine traffickers and counterdrug interdiction forces as a complex adaptive system,Consensus,Yes,US,Used agent-based model but not really any environmental; only one mention of sensitivity analysis and it wasn't really specified how it was performed,Agent-based model,Yes, Sensitivity analysis,
182,Gower 2016,Modeling ecohydrological dynamics of smallholder strategies for food production in dryland agricultural systems,Reviewer1,Yes,"Mount Kenya, Kenya",,System dynamics model,No,,
182,Gower 2016,Modeling ecohydrological dynamics of smallholder strategies for food production in dryland agricultural systems,Reviewer2,Yes,Kenya,,Agent-based model,No,,
182,Gower 2016,Modeling ecohydrological dynamics of smallholder strategies for food production in dryland agricultural systems,Consensus,Yes,Kenya,,Agent-based model,No,,
180,Ali 2015,"Coupled Human-Environment Dynamics of Forest Pest Spread and Control in a Multi-Patch, Stochastic Setting",Reviewer1,Yes,Canada,,Biophysical model,Yes, Sensitivity analysis,Model specification
180,Ali 2015,"Coupled Human-Environment Dynamics of Forest Pest Spread and Control in a Multi-Patch, Stochastic Setting",Reviewer2,Yes,Canada,,System dynamics model,No,,
180,Ali 2015,"Coupled Human-Environment Dynamics of Forest Pest Spread and Control in a Multi-Patch, Stochastic Setting",Consensus,Yes,Canada,,System dynamics model; Biophysical model,Yes, Sensitivity analysis,Model specification
179,Tabasi 2022,Spatial Modeling of COVID-19 Prevalence Using Adaptive Neuro-Fuzzy Inference System,Reviewer1,Yes,Iran,,Other: adaptive neuro-fuzzy inference system (ANFIS),Yes, Sensitivity analysis,Model specification
179,Tabasi 2022,Spatial Modeling of COVID-19 Prevalence Using Adaptive Neuro-Fuzzy Inference System,Reviewer2,Yes,Iran,,Other:  adaptive neuro-fuzzy inference system and principal component analysis,Yes, Sensitivity analysis,
179,Tabasi 2022,Spatial Modeling of COVID-19 Prevalence Using Adaptive Neuro-Fuzzy Inference System,Consensus,Yes,Iran,,Other: Adaptive neuro-fuzzy inference system and principal component analysis,Yes, Sensitivity analysis,Model specification
178,Pontius 2010,Land transition estimates from erroneous maps,Reviewer1,Yes,"Plum Island Ecosystems Site, Massachusetts, USA",,Biophysical model,Yes, Sensitivity analysis,Model specification; Empirical data limitations
178,Pontius 2010,Land transition estimates from erroneous maps,Reviewer2,No,United States,,Other: Statistics,Yes, Sensitivity analysis,Empirical data limitations
178,Pontius 2010,Land transition estimates from erroneous maps,Consensus,No,,Overlays two maps then calculates land change - not really a model,,Other: ,,
177,Humphreys 2020,A geostatistical model for estimating edge effects and cumulative human disturbance in wetlands and coastal waters,Reviewer1,Yes,"Florida, USA",,Biophysical model; Other: Spatially explicit Bayesian hierarchical model,Yes,Validation / cross-validation (using empirical data);  Sensitivity analysis,Knowledge of the system; Spatial and temporal scale issues; Spatial dependence & heterogeneity issues
177,Humphreys 2020,A geostatistical model for estimating edge effects and cumulative human disturbance in wetlands and coastal waters,Reviewer2,Yes,"Florida, USA",,System dynamics model,Yes,Validation / cross-validation (using empirical data);  Sensitivity analysis,Spatial dependence & heterogeneity issues
177,Humphreys 2020,A geostatistical model for estimating edge effects and cumulative human disturbance in wetlands and coastal waters,Consensus,Yes,"Florida, USA",,Biophysical model,Yes,Validation / cross-validation (using empirical data);  Sensitivity analysis,Spatial and temporal scale issues; Spatial dependence & heterogeneity issues
176,Shahriar 2012,Risk analysis for oil & gas pipelines: A sustainability assessment approach using fuzzy based bow-tie analysis,Reviewer1,Yes,None,,Other: bow-tie scenario analysis,Yes, Sensitivity analysis; Other: Fuzzy Logic,Model specification; Knowledge of the system; Empirical data limitations
176,Shahriar 2012,Risk analysis for oil & gas pipelines: A sustainability assessment approach using fuzzy based bow-tie analysis,Reviewer2,Yes,,,Other: ‘Bow-tie’ analysis,Yes, Sensitivity analysis; Other: Error propagation using fuzzy linguistic probabilities,Model specification; Knowledge of the system
176,Shahriar 2012,Risk analysis for oil & gas pipelines: A sustainability assessment approach using fuzzy based bow-tie analysis,Consensus,Yes,None,,Other: bow-tie scenario analysis,Yes, Sensitivity analysis; Other: Error propagation using fuzzy linguistic probabilities,Model specification; Knowledge of the system; Empirical data limitations
175,Chunara 2013,Assessing the Online Social Environment for Surveillance of Obesity Prevalence,Reviewer1,No,,,,,,
175,Chunara 2013,Assessing the Online Social Environment for Surveillance of Obesity Prevalence,Reviewer2,No,the United States,,Other: linear regression,Yes,Validation / cross-validation (using empirical data),Model specification
175,Chunara 2013,Assessing the Online Social Environment for Surveillance of Obesity Prevalence,Consensus,No,,,,Other: ,,
173,Rowan 2007,Development of an Integrated Modelling Framework to Investigate Environmental and Economic Management Objectives in an Irrigated Landscape,Reviewer1,Yes,Australia,,Agent-based model,No,,
173,Rowan 2007,Development of an Integrated Modelling Framework to Investigate Environmental and Economic Management Objectives in an Irrigated Landscape,Reviewer2,Yes,Australia,,System dynamics model,Yes,Sensitivity analysis using factorial design,Model specification
173,Rowan 2007,Development of an Integrated Modelling Framework to Investigate Environmental and Economic Management Objectives in an Irrigated Landscape,Consensus,Yes,Australia,,Agent-based model,No,,
172,Verhoog 2016,Modelling socio-ecological systems with MAIA: A biogas infrastructure simulation,Reviewer1,Yes,Netherlands,,Agent-based model,Yes,Validation / cross-validation (using empirical data);  Sensitivity analysis,Model specification; Knowledge of the system
172,Verhoog 2016,Modelling socio-ecological systems with MAIA: A biogas infrastructure simulation,Reviewer2,,Netherland,,Agent-based model,Yes,Validation / cross-validation (using empirical data);  Sensitivity analysis,Model specification; Knowledge of the system
172,Verhoog 2016,Modelling socio-ecological systems with MAIA: A biogas infrastructure simulation,Consensus,Yes,Netherlands,,Agent-based model,Yes,Validation / cross-validation (using empirical data);  Sensitivity analysis,Model specification; Knowledge of the system
171,Guilsou 2023,Gaining Profound Knowledge of Cholera Outbreak: The Significance of the Allee Effect on Bacterial Population Growth and Its Implications for Human-Environment Health,Reviewer1,No,,not socio-environmental model? unsure,,,,
171,Guilsou 2023,Gaining Profound Knowledge of Cholera Outbreak: The Significance of the Allee Effect on Bacterial Population Growth and Its Implications for Human-Environment Health,Reviewer2,Yes,"Discusses Cameroon, but analysis is not specific to a location, just a mathematical model",,System dynamics model,Yes, Sensitivity analysis,Model specification; Empirical data limitations
171,Guilsou 2023,Gaining Profound Knowledge of Cholera Outbreak: The Significance of the Allee Effect on Bacterial Population Growth and Its Implications for Human-Environment Health,Consensus,Yes,,,System dynamics model; Other: Cholera disease spread model,Yes, Sensitivity analysis,Model specification; Empirical data limitations
168,Falconer 2020,Anaerobic Digestion of food waste: Eliciting sustainable water-energy-food nexus practices with Agent Based Modelling and visual analytics,Reviewer1,Yes,United Kingdom,,Agent-based model,Yes, Sensitivity analysis,Spatial and temporal scale issues; Empirical data limitations
168,Falconer 2020,Anaerobic Digestion of food waste: Eliciting sustainable water-energy-food nexus practices with Agent Based Modelling and visual analytics,Reviewer2,Yes,UK,,Agent-based model,No,,
168,Falconer 2020,Anaerobic Digestion of food waste: Eliciting sustainable water-energy-food nexus practices with Agent Based Modelling and visual analytics,Consensus,Yes,United Kingdom,,Agent-based model,Yes, Sensitivity analysis,Spatial and temporal scale issues; Empirical data limitations
167,Lin 2022,An investigation of coupled natural human systems using a two-way coupled agent-based modeling framework,Reviewer1,Yes,USA,,Agent-based model; System dynamics model,,Validation / cross-validation (using empirical data),Model specification
167,Lin 2022,An investigation of coupled natural human systems using a two-way coupled agent-based modeling framework,Reviewer2,Yes,United States,,Agent-based model; Conceptual model (non-quantitative),Yes, Sensitivity analysis,Spatial and temporal scale issues; Empirical data limitations
167,Lin 2022,An investigation of coupled natural human systems using a two-way coupled agent-based modeling framework,Consensus,Yes,USA,,Agent-based model; System dynamics model,Yes,Validation / cross-validation (using empirical data);  Sensitivity analysis,Model specification; Spatial and temporal scale issues; Empirical data limitations
166,Schirpke 2012,SPA-LUCC: Developing land-use/cover scenarios in mountain landscapes,Reviewer1,Yes,European Alps region,,Conceptual model (non-quantitative),No,,
166,Schirpke 2012,SPA-LUCC: Developing land-use/cover scenarios in mountain landscapes,Reviewer2,Yes,"Austria, France, Germany, Italy, and Switzerland ",,System dynamics model,Yes,Validation / cross-validation (using empirical data),Model specification
166,Schirpke 2012,SPA-LUCC: Developing land-use/cover scenarios in mountain landscapes,Consensus,Yes,"Austria, France, Germany, Italy, and Switzerland ",a stochastic allocation model,System dynamics model; Other: a stochastic allocation model (Spatial Allocation procedures of Land use/cover change (SPA-LUCC)),Yes,Validation / cross-validation (using empirical data),Model specification
164,Convertino 2016,Portfolio Decision Technology for Designing Optimal Syndemic Management Strategies,Reviewer1,Yes, (large Kolkata macroregio,,System dynamics model,Yes,Other: Monte Carlo simulations ,Model specification; Knowledge of the system; Computing limitations
164,Convertino 2016,Portfolio Decision Technology for Designing Optimal Syndemic Management Strategies,Reviewer2,Yes,,,"Biophysical model; Other: Combination of biophysical model, Multi-Criteria Disease Analysis model, and Pareto optimization model",Yes, Sensitivity analysis,Empirical data limitations
164,Convertino 2016,Portfolio Decision Technology for Designing Optimal Syndemic Management Strategies,Consensus,Yes,Kolkata,,"Biophysical model; Other: combination of biophysical, multi-criteria and Pareto-optimization models",Yes, Sensitivity analysis,Model specification; Empirical data limitations
162,VandeWalle 2022,In silico assessment of household level closed water cycles: Towards extreme decentralization,Reviewer1,Yes,Belgium,,System dynamics model,Yes, Sensitivity analysis,Model specification
162,VandeWalle 2022,In silico assessment of household level closed water cycles: Towards extreme decentralization,Reviewer2,Yes,Belgium,,Biophysical model,Yes, Sensitivity analysis,Model specification; Knowledge of the system
162,VandeWalle 2022,In silico assessment of household level closed water cycles: Towards extreme decentralization,Consensus,Yes,Belgium,,System dynamics model,Yes, Sensitivity analysis,Model specification; Knowledge of the system
161,Ghailani 2023,Developing sustainable management strategies in construction and demolition wastes using a q-rung orthopair probabilistic hesitant fuzzy set-based decision modelling approach,Reviewer1,Yes,Not specified,,Conceptual model (non-quantitative),Yes,Validation / cross-validation (using empirical data);  Sensitivity analysis,Model specification; Knowledge of the system; Empirical data limitations
161,Ghailani 2023,Developing sustainable management strategies in construction and demolition wastes using a q-rung orthopair probabilistic hesitant fuzzy set-based decision modelling approach,Reviewer2,Yes,n/a,Multiple-attribute decision-making for construction waste management,Conceptual model (non-quantitative); Other: Multiple-attribute decision-making,Yes," Sensitivity analysis; Other: Systematic modelling, Comparison analysis",Model specification; Knowledge of the system
161,Ghailani 2023,Developing sustainable management strategies in construction and demolition wastes using a q-rung orthopair probabilistic hesitant fuzzy set-based decision modelling approach,Consensus,Yes,Not specified,Multiple-attribute decision-making for construction waste management,"Conceptual model (non-quantitative); Other: Multi-attribute decision-making MADM methods: Fuzzy-weighted zero inconsistency (FWZIC) and
fuzzy decision by opinion score method (FDOSM)-based multiplicative multiple objective optimisation
by ratio analysis (MULTIMOORA) with the q-rung orthopair probabilistic hesitant fuzzy set (q-ROPHFS)",Yes,"Validation / cross-validation (using empirical data);  Sensitivity analysis; Other: Systematic modelling, Comparison analysis",Model specification; Knowledge of the system; Empirical data limitations
159,Diba 2019,Sustainable supplier selection for Satrec Vitalait Milk Company in Senegal using the novel grey relational analysis method,Reviewer1,Yes,Senegal,,Other: Deng's GRA model,Yes, Sensitivity analysis,
159,Diba 2019,Sustainable supplier selection for Satrec Vitalait Milk Company in Senegal using the novel grey relational analysis method,Reviewer2,Yes,Senegal,,Other: The study utilizes Grey Relational Analysis (GRA) for supplier selection and ranking based on multiple criteria. GRA is an analytical approach and not a simulation model,Yes,"Other: GRA is designed to find similarities between sets of data, not to perform in-depth uncertainty analysis. The study discusses the limitations of the Hurwicz criteria used with GRA but doesn't mention validation or sensitivity analysis for quantifying uncertainty within the GRA model itself.",Knowledge of the system; Empirical data limitations
159,Diba 2019,Sustainable supplier selection for Satrec Vitalait Milk Company in Senegal using the novel grey relational analysis method,Consensus,Yes,Senegal,,Other: The study utilizes Grey Relational Analysis (GRA) for supplier selection and ranking based on multiple criteria. GRA is an analytical approach and not a simulation model,Yes, Sensitivity analysis,Knowledge of the system; Empirical data limitations
158,Scholten 2017,Comparing multi-criteria decision analysis and integrated assessment to support long-term water supply planning,Reviewer1,Yes,Switzerland,,Other: Multi-criteria decision analysis,Yes,Other: Attribute uncertainty and scenarios,
158,Scholten 2017,Comparing multi-criteria decision analysis and integrated assessment to support long-term water supply planning,Reviewer2,Yes,"Zurich, Switzerland",,Other: Multi-criteria decision analysis,Yes,Other,Model specification; Knowledge of the system
158,Scholten 2017,Comparing multi-criteria decision analysis and integrated assessment to support long-term water supply planning,Consensus,Yes,Switzerland,,Other: Multi-criteria decision analysis,Yes,Other: Attribute uncertainty and scenarios,Model specification; Knowledge of the system
156,Pamucar 2021,A new intelligent MCDM model for HCW management: The integrated BWM-MABAC model based on D numbers,Reviewer1,Yes,The Public Enterprise Zdravstvo Brcko (Brcko Health System) ,,Other: MCDM model,Yes, Sensitivity analysis,Model specification
156,Pamucar 2021,A new intelligent MCDM model for HCW management: The integrated BWM-MABAC model based on D numbers,Reviewer2,Yes,Bosnia and Herzegovinia,,Other: MCDM-D methodology - a framework for making decisions with multiple criteria,Yes,Sensitivity analysis using factorial design,Knowledge of the system; Empirical data limitations
156,Pamucar 2021,A new intelligent MCDM model for HCW management: The integrated BWM-MABAC model based on D numbers,Consensus,Yes,Bosnia and Herzegovinia,,Other: MCDM-D methodology - a framework for making decisions with multiple criteria,Yes,Sensitivity analysis using factorial design,Model specification; Knowledge of the system; Empirical data limitations
155,Arvor 2021,Towards user-adaptive remote sensing: Knowledge-driven automatic classification of Sentinel-2 time series,Reviewer1,Yes,Brazil,,Other: Image classification model based on semantic descriptions,Yes,Validation / cross-validation (using empirical data),Model specification
155,Arvor 2021,Towards user-adaptive remote sensing: Knowledge-driven automatic classification of Sentinel-2 time series,Reviewer2,Yes,Brazil,,Conceptual model (non-quantitative); Other: Conceptual model which is then applied for analyzing remote sensing data,Yes,Validation / cross-validation (using empirical data),Spatial and temporal scale issues; Empirical data limitations
155,Arvor 2021,Towards user-adaptive remote sensing: Knowledge-driven automatic classification of Sentinel-2 time series,Consensus,Yes,Brazil,,Other: Conceptual model,Yes,Validation / cross-validation (using empirical data),Model specification; Spatial and temporal scale issues
153,Adeleye 2022,Long-term drivers and timing of accelerated vegetation changes in African biomes and their management implications,Reviewer1,Yes,Africa,,Other: Generalized additive model,No,,
153,Adeleye 2022,Long-term drivers and timing of accelerated vegetation changes in African biomes and their management implications,Reviewer2,No,,,,,,
153,Adeleye 2022,Long-term drivers and timing of accelerated vegetation changes in African biomes and their management implications,Consensus,Yes,Africa,,Other: Generalized additive model,No,,
152,Blanchard 2015,Implications of Using 2 m versus 30 m Spatial Resolution Data for Suburban Residential Land Change Modeling,Reviewer1,Yes,USA,,Other: GEOMOD (a pixel-based spatially explicit LUCC model),Yes,Validation / cross-validation (using empirical data);  Sensitivity analysis,Model specification; Spatial and temporal scale issues; Empirical data limitations
152,Blanchard 2015,Implications of Using 2 m versus 30 m Spatial Resolution Data for Suburban Residential Land Change Modeling,Reviewer2,Yes,"Lynnfield, Massachusetts, USA",,Biophysical model,Yes,Other: Map crosstabulation,Spatial and temporal scale issues
152,Blanchard 2015,Implications of Using 2 m versus 30 m Spatial Resolution Data for Suburban Residential Land Change Modeling,Consensus,Yes,"Lynnfield, Massachusetts, 
USA",,"Other: GEOMOD (a pixel based, 
spatially explicit model)",Yes, Sensitivity analysis,Spatial and temporal scale issues
151,Rodriguez-Gonzalez 2020,Effect of feedback loops on the sustainability and resilience of human-ecosystems,Reviewer1,Yes,conceptual society,,Other: deterministic predictive model,Yes,Other: feedback loop,Model specification
151,Rodriguez-Gonzalez 2020,Effect of feedback loops on the sustainability and resilience of human-ecosystems,Reviewer2,Yes,,,Other: Compartmental model,Yes, Sensitivity analysis,Knowledge of the system
151,Rodriguez-Gonzalez 2020,Effect of feedback loops on the sustainability and resilience of human-ecosystems,Consensus,Yes,Conceptual society,,Other: Compartmental model,Yes, Sensitivity analysis,Model specification
150,Lan 2019,A holistic design approach for residential net-zero energy buildings: A case study in Singapore,Reviewer1,Yes,Singapore,,Agent-based model,, Sensitivity analysis,Model specification
150,Lan 2019,A holistic design approach for residential net-zero energy buildings: A case study in Singapore,Reviewer2,Yes,Singapore,,Other: Multi-objective optimization,Yes, Sensitivity analysis,Model specification
150,Lan 2019,A holistic design approach for residential net-zero energy buildings: A case study in Singapore,Consensus,Yes,Singapore,,Other: Multi-objective optimization,Yes, Sensitivity analysis,Model specification
149,Pluchinotta 2020,Integrating Problem Structuring Methods And Concept-Knowledge Theory For An Advanced Policy Design: Lessons From A Case Study In Cyprus,Reviewer1,Yes,Republic of Cyprus,,Conceptual model (non-quantitative),No,,
149,Pluchinotta 2020,Integrating Problem Structuring Methods And Concept-Knowledge Theory For An Advanced Policy Design: Lessons From A Case Study In Cyprus,Reviewer2,Yes,Republic of Cyprus,"""Within the case study, PSMs, specifically Fuzzy Cognitive Maps (FCM), were implemented to 
elicit and structure individual problem understandings in the area, specifically detecting and 
analysing differences in stakeholder concerns and interests"" -- they used a conceptual model, FCM, to balance stakeholder interests
""A C-K theory-based tool, namely Policy-KCP (P-KCP) was improved and applied in order to overcome the barriers due to ambiguity in problem frames, and the creation of the shared concern as starting point for the generation of policy alternatives. "" -- they used FCM's to build their Policy KCP",System dynamics model; Conceptual model (non-quantitative),No,,
149,Pluchinotta 2020,Integrating Problem Structuring Methods And Concept-Knowledge Theory For An Advanced Policy Design: Lessons From A Case Study In Cyprus,Consensus,Yes,Republic of Cyprus,,System dynamics model; Conceptual model (non-quantitative),No,,
148,Yazdandoost 2015,"URBAN STORMWATER AS A WATER RESOURCE OPPORTUNITY, A NEXUS APPROACH TO DECISION MAKING",Reviewer1,Yes,Tehran,,System dynamics model,Yes, Sensitivity analysis,Knowledge of the system
148,Yazdandoost 2015,"URBAN STORMWATER AS A WATER RESOURCE OPPORTUNITY, A NEXUS APPROACH TO DECISION MAKING",Reviewer2,Yes,Iran,,"Other: A mathematical model used for simulation of urban
runoff quantity and quality in storm and combined sewer systems and natural waterways",Yes, Sensitivity analysis,Model specification
148,Yazdandoost 2015,"URBAN STORMWATER AS A WATER RESOURCE OPPORTUNITY, A NEXUS APPROACH TO DECISION MAKING",Consensus,Yes,Iran,,"Other: A mathematical model used for simulation of urban
runoff quantity and quality in storm and combined sewer systems and natural waterways",Yes, Sensitivity analysis,Model specification; Knowledge of the system
147,Polhill 2019,"Crossing the chasm: a ""tube-map' for agent-based social simulation of policy scenarios in spatially-distributed systems",Reviewer1,No,,,,,,
147,Polhill 2019,"Crossing the chasm: a ""tube-map' for agent-based social simulation of policy scenarios in spatially-distributed systems",Reviewer2,Yes,NA,it is mechanism research,Agent-based model,No,,
147,Polhill 2019,"Crossing the chasm: a ""tube-map' for agent-based social simulation of policy scenarios in spatially-distributed systems",Consensus,No,,,,Other: ,,
145,Ross 2020,Accounting for two-billion tons of stabilized soil carbon,Reviewer1,Yes,United States,,Other: machine learning - random forest,Yes,Validation / cross-validation (using empirical data),Model specification; Spatial and temporal scale issues; Empirical data limitations
145,Ross 2020,Accounting for two-billion tons of stabilized soil carbon,Reviewer2,No,,,,,,
145,Ross 2020,Accounting for two-billion tons of stabilized soil carbon,Consensus,"Other: No - no social dimension to the model. Closest is that one of the model covariates is ""historical land use""",,,,,,
142,Pelzer 2012,"Assessing innovative cropping systems with DEXiPM, a qualitative multi-criteria assessment tool derived from DEXi",Reviewer1,Yes,French region,,Other: hierarchical and qualitative multi-criteria model,Yes, Sensitivity analysis,Model specification
142,Pelzer 2012,"Assessing innovative cropping systems with DEXiPM, a qualitative multi-criteria assessment tool derived from DEXi",Reviewer2,Yes,Poitou-Charentes region of France,,Conceptual model (non-quantitative),Yes,Validation / cross-validation (using empirical data);  Sensitivity analysis,Knowledge of the system; Spatial and temporal scale issues; Empirical data limitations
142,Pelzer 2012,"Assessing innovative cropping systems with DEXiPM, a qualitative multi-criteria assessment tool derived from DEXi",Consensus,Yes,Poitou-Charentes region of France,,Conceptual model (non-quantitative); Other: hierarchical and qualitative multi-criteria model,Yes,Validation / cross-validation (using empirical data);  Sensitivity analysis,Model specification; Knowledge of the system
139,Guede-Fernández 2021,A Deep Learning Based Object Identification System for Forest Fire Detection,Reviewer1,Yes,Portugal,,Other: Deep learning-based model,Yes,Validation / cross-validation (using empirical data),Model specification
139,Guede-Fernández 2021,A Deep Learning Based Object Identification System for Forest Fire Detection,Reviewer2,Yes,Portugal ,Do not develop a new model but use an established one for machine learning,Other: Trained a model-Fast R-CNN,No,,
139,Guede-Fernández 2021,A Deep Learning Based Object Identification System for Forest Fire Detection,Consensus,Yes,Portugal ,Do not develop a new model but use an established one for machine learning,Other: Deep learning-based model (Faster R-CNN),Yes,Validation / cross-validation (using empirical data),Model specification
138,Cobos-Mora 2023,Suitable site selection for transfer stations in a solid waste management system using analytical hierarchy process as a multi-criteria decision analysis: a case study in Azuay-Ecuador,Reviewer1,Yes,Ecuador,,Other: GIS-MCDA framework,Yes, Sensitivity analysis,Model specification; Knowledge of the system; Spatial and temporal scale issues; Empirical data limitations
138,Cobos-Mora 2023,Suitable site selection for transfer stations in a solid waste management system using analytical hierarchy process as a multi-criteria decision analysis: a case study in Azuay-Ecuador,Reviewer2,Yes,Ecuador,,Other: Analytical Hierarchical Process Model,Yes, Sensitivity analysis,Model specification
138,Cobos-Mora 2023,Suitable site selection for transfer stations in a solid waste management system using analytical hierarchy process as a multi-criteria decision analysis: a case study in Azuay-Ecuador,Consensus,Yes,Ecuador,,Other: GIS-MCDA framework & Analytical Hierarchical Process Model,Yes, Sensitivity analysis,Model specification; Knowledge of the system; Spatial and temporal scale issues; Empirical data limitations
137,Liu 2018,Risk evaluation of electric vehicle charging infrastructure public-private partnership projects in China using fuzzy TOPSIS,Reviewer1,Yes,China,,Other: Fuzzy Order Preference by Similarity to Ideal Solution (Fuzzy TOPSIS),Yes, Sensitivity analysis,
137,Liu 2018,Risk evaluation of electric vehicle charging infrastructure public-private partnership projects in China using fuzzy TOPSIS,Reviewer2,Yes,China,,Other: Fuzzy TOPSIS,Yes, Sensitivity analysis,Knowledge of the system
137,Liu 2018,Risk evaluation of electric vehicle charging infrastructure public-private partnership projects in China using fuzzy TOPSIS,Consensus,Yes,China,,Other: Fuzzy Order Preference by Similarity to Ideal Solution (Fuzzy TOPSIS),Yes, Sensitivity analysis,Knowledge of the system
134,Codato 2023,Where to leave fossil fuels underground? A multi-criteria analysis to identify unburnable carbon areas in the Ecuadorian Amazon region,Reviewer1,Yes,Ecuadorian Amazon region,,Other: Spatial multi criteria decision analysis,Yes,Sensitivity analysis using factorial design,Model specification
134,Codato 2023,Where to leave fossil fuels underground? A multi-criteria analysis to identify unburnable carbon areas in the Ecuadorian Amazon region,Reviewer2,Yes,Ecuadorian,,Other: Spatial multi criteria decision analysis,No,,
134,Codato 2023,Where to leave fossil fuels underground? A multi-criteria analysis to identify unburnable carbon areas in the Ecuadorian Amazon region,Consensus,Yes,Ecuador,,Other: Spatial multi criteria decision analysis,No,,
132,Kaneko 2013,"Strategic system development toward biofuel, desertification and crop production monitoring in continental scales using satellite-based photosynthesis models",Reviewer1,No,,,,,,
132,Kaneko 2013,"Strategic system development toward biofuel, desertification and crop production monitoring in continental scales using satellite-based photosynthesis models",Reviewer2,Yes,"South America, Africa, Eastern Europe, Asia, and North America.",,Biophysical model; Conceptual model (non-quantitative),Yes,Validation / cross-validation (using empirical data);  Sensitivity analysis,Knowledge of the system; Spatial and temporal scale issues; Empirical data limitations
132,Kaneko 2013,"Strategic system development toward biofuel, desertification and crop production monitoring in continental scales using satellite-based photosynthesis models",Consensus,Yes,"South America, Africa, Eastern Europe, Asia, and North America.",,Biophysical model; Conceptual model (non-quantitative),Yes,Validation / cross-validation (using empirical data);  Sensitivity analysis,Knowledge of the system; Spatial and temporal scale issues; Empirical data limitations
131,Castilla-Rho 2015,An agent-based platform for simulating complex human-aquifer interactions in managed groundwater systems,Reviewer1,Yes,,,Agent-based model,Yes, Sensitivity analysis,Spatial dependence & heterogeneity issues
131,Castilla-Rho 2015,An agent-based platform for simulating complex human-aquifer interactions in managed groundwater systems,Reviewer2,Yes,Australia ,This study uses a hypothetical example to showcase their modeling platform,Agent-based model,Yes, Sensitivity analysis,Model specification; Knowledge of the system; Spatial dependence & heterogeneity issues
131,Castilla-Rho 2015,An agent-based platform for simulating complex human-aquifer interactions in managed groundwater systems,Consensus,Yes,,Hypothetical example used,Agent-based model,Yes, Sensitivity analysis,Model specification; Spatial dependence & heterogeneity issues
129,Carriger 2018,Representing causal knowledge in environmental policy interventions: Advantages and opportunities for qualitative influence diagram applications,Reviewer1,Yes,USA,,Conceptual model (non-quantitative),No,,
129,Carriger 2018,Representing causal knowledge in environmental policy interventions: Advantages and opportunities for qualitative influence diagram applications,Reviewer2,Yes,USA,,Conceptual model (non-quantitative),No,,
129,Carriger 2018,Representing causal knowledge in environmental policy interventions: Advantages and opportunities for qualitative influence diagram applications,Consensus,Yes,USA,,Conceptual model (non-quantitative),No,,
128,Lemos 2022,Artificial intelligence and change management in small and medium-sized enterprises: an analysis of dynamics within adaptation initiatives,Reviewer1,Yes,Portugal,,Other: The entire study revolves around developing and applying a multi-criteria analysis model to analyze SME adaptation to AI tools.,Yes,Validation / cross-validation (using empirical data);  Sensitivity analysis; Other: neutrosophic logic,Knowledge of the system; Computing limitations; Empirical data limitations
128,Lemos 2022,Artificial intelligence and change management in small and medium-sized enterprises: an analysis of dynamics within adaptation initiatives,Reviewer2,No,,This paper is not relevant to socio-environmental research,,,,
128,Lemos 2022,Artificial intelligence and change management in small and medium-sized enterprises: an analysis of dynamics within adaptation initiatives,Consensus,No,Portugal,Not relevant,,Other: ,,
127,Leenhardt 2015,"Challenges, insights and perspectives associated with using social-ecological science for marine conservation",Reviewer1,Yes,,,Conceptual model (non-quantitative),No,,
127,Leenhardt 2015,"Challenges, insights and perspectives associated with using social-ecological science for marine conservation",Reviewer2,No,,,,,,
127,Leenhardt 2015,"Challenges, insights and perspectives associated with using social-ecological science for marine conservation",Consensus,No,,,,Other: ,,
126,Blanco 2017,Energy transitions and emerging economies: A multi-criteria analysis of policy options for hydropower surplus utilization in Paraguay,Reviewer1,Yes,Paraguay,,Other: Analytic Hierarchy Process model,Yes, Sensitivity analysis,Model specification
126,Blanco 2017,Energy transitions and emerging economies: A multi-criteria analysis of policy options for hydropower surplus utilization in Paraguay,Reviewer2,Yes,Paraguay,,Conceptual model (non-quantitative),Yes, Sensitivity analysis,Knowledge of the system; Empirical data limitations
126,Blanco 2017,Energy transitions and emerging economies: A multi-criteria analysis of policy options for hydropower surplus utilization in Paraguay,Consensus,Yes,Paraguay,,Conceptual model (non-quantitative); Other: Analytic Hierarchy Process model,Yes, Sensitivity analysis,Model specification; Knowledge of the system; Empirical data limitations
125,Huang 2023,"Fuzzy evaluation of ecological vulnerability based on the SRP-SES method and analysis of multiple decision-making attitudes based on OWA operators: A case of Fujian Province, China",Reviewer1,Yes,China,,Other: Analytic Hierarchy Process model,Yes, Sensitivity analysis; Other: Comparison of outputs with theoretical expectations,Model specification; Knowledge of the system
125,Huang 2023,"Fuzzy evaluation of ecological vulnerability based on the SRP-SES method and analysis of multiple decision-making attitudes based on OWA operators: A case of Fujian Province, China",Reviewer2,Yes,"Fujian Province, China",,System dynamics model,Yes,Validation / cross-validation (using empirical data),Knowledge of the system
125,Huang 2023,"Fuzzy evaluation of ecological vulnerability based on the SRP-SES method and analysis of multiple decision-making attitudes based on OWA operators: A case of Fujian Province, China",Consensus,Yes,China,"Fig. 8. Moran scatter plot of the spatial autocorrelation of ecological 
vulnerability addresses spatial dependence.","Other: Analytic Hierarchy Process model,  sensitivity-resilience-pressure model, fuzzy evaluation model",Yes,Validation / cross-validation (using empirical data);  Sensitivity analysis; Other: Comparison of outputs with theoretical expectations,Model specification; Knowledge of the system; Spatial dependence & heterogeneity issues
124,Prentice 2021,A Strategic Management Framework for the Commercialization of Multitechnology Renewable Energy Systems: The Case of Concentrating Solar Power in South Africa,Reviewer1,No,,,,,,
124,Prentice 2021,A Strategic Management Framework for the Commercialization of Multitechnology Renewable Energy Systems: The Case of Concentrating Solar Power in South Africa,Reviewer2,No,,"Only includes a ""strategic management framework"" not a socio-environmental model",,,,
124,Prentice 2021,A Strategic Management Framework for the Commercialization of Multitechnology Renewable Energy Systems: The Case of Concentrating Solar Power in South Africa,Consensus,No,,"Only includes a ""strategic management framework"" not a socio-environmental model",,,,
122,Yariyan 2020,Earthquake Vulnerability Mapping Using Different Hybrid Models,Reviewer1,Yes,Iran,Not sure if this is considered a socio-environmental model,Other: A-OWA and A-fuzzy hybrid model,,Validation / cross-validation (using empirical data); Other: Used sensitivity classes,
122,Yariyan 2020,Earthquake Vulnerability Mapping Using Different Hybrid Models,Reviewer2,Yes,Iran,,Other: Statistical methods to create an index,Yes,Validation / cross-validation (using empirical data),Knowledge of the system
122,Yariyan 2020,Earthquake Vulnerability Mapping Using Different Hybrid Models,Consensus,Yes,Iran,Not sure if this is considered a socio-environmental model,Other: A-OWA and A-fuzzy hybrid model to create an index,Yes,Validation / cross-validation (using empirical data); Other: Used sensitivity classes,Knowledge of the system
121,Moglia 2012,Multi-criteria decision assessments using Subjective Logic: Methodology and the case of urban water strategies,Reviewer1,Yes,Australia,,Other: Bayesian Network analysis,Yes, Sensitivity analysis,Model specification; Knowledge of the system
121,Moglia 2012,Multi-criteria decision assessments using Subjective Logic: Methodology and the case of urban water strategies,Reviewer2,Yes,Australia,,Other: Basic Bayesian Network framework with Subjective Logic for Multi-Criteria Decision Analysis,Yes,Other:  Subjective Logic framework,Knowledge of the system
121,Moglia 2012,Multi-criteria decision assessments using Subjective Logic: Methodology and the case of urban water strategies,Consensus,Yes,Australia,"""Unfortunately, there is no available information about probabil-
ity distributions for the outcome variables in the case study.
Instead, in the absence of rigorous sensitivity analysis, the proba-
bility distributions (i.e. standard deviation or ranges) of all vari-
ables model has been assigned using a hypothetical data set
based on discussions with the water planners, as shown in Table 3""",Other: Basic Bayesian Network framework with Subjective Logic for Multi-Criteria Decision Analysis,Yes,Other:  Subjective Logic framework,Model specification; Knowledge of the system
120,Losada 2022,Do Rock Design Formulas Based on Wave Flume Experiments Reliably Model Their Performance at Sea?,Reviewer1,No,,,,,,
120,Losada 2022,Do Rock Design Formulas Based on Wave Flume Experiments Reliably Model Their Performance at Sea?,Reviewer2,No,,,,,,
120,Losada 2022,Do Rock Design Formulas Based on Wave Flume Experiments Reliably Model Their Performance at Sea?,Consensus,No,,,,,,
118,Ge 2021,"Uncertain Analysis of Fuzzy Evaluation Model for Water Resources Carrying Capacity: A Case Study in Zanhuang County, North China Plain",Reviewer1,Yes,China,,Other: Analytic Hierarchy Process model,Yes, Sensitivity analysis,Model specification
118,Ge 2021,"Uncertain Analysis of Fuzzy Evaluation Model for Water Resources Carrying Capacity: A Case Study in Zanhuang County, North China Plain",Reviewer2,Yes,China,,System dynamics model,Yes, Sensitivity analysis,Knowledge of the system; Empirical data limitations
118,Ge 2021,"Uncertain Analysis of Fuzzy Evaluation Model for Water Resources Carrying Capacity: A Case Study in Zanhuang County, North China Plain",Consensus,Yes,China,,Other: Fuzzy Comprehensive Evaluation Model &Analytic Hierarchy Process model,Yes, Sensitivity analysis,Model specification; Empirical data limitations
117,Seminar 2023,Using Precision Agriculture (PA) Approach to Select Suitable Final Disposal Sites for Energy Generation,Reviewer1,Yes,Indonesia,,Other: Spatial modeling and multi-criteria decision analysis,Yes,Validation / cross-validation (using empirical data),
117,Seminar 2023,Using Precision Agriculture (PA) Approach to Select Suitable Final Disposal Sites for Energy Generation,Reviewer2,Yes,Indonesia,,System dynamics model,Yes,Validation / cross-validation (using empirical data),Knowledge of the system; Empirical data limitations
117,Seminar 2023,Using Precision Agriculture (PA) Approach to Select Suitable Final Disposal Sites for Energy Generation,Consensus,Yes,Indonesia,,Other: Spatial modeling and multi-criteria decision analysis,Yes,Validation / cross-validation (using empirical data),Knowledge of the system; Empirical data limitations
115,Mark 2017,Glacier loss and hydro-social risks in the Peruvian Andes,Reviewer1,Yes,Peru,,Conceptual model (non-quantitative),No,,
115,Mark 2017,Glacier loss and hydro-social risks in the Peruvian Andes,Reviewer2,Yes,Peru,,Conceptual model (non-quantitative),No,,
115,Mark 2017,Glacier loss and hydro-social risks in the Peruvian Andes,Consensus,Yes,Peru,,Conceptual model (non-quantitative),No,,
114,Meuwissen 2019,A framework to assess the resilience of farming systems,Reviewer1,Yes,Netherlands,,Conceptual model (non-quantitative),No,,
114,Meuwissen 2019,A framework to assess the resilience of farming systems,Reviewer2,Yes,"Veenkoloniën, the Netherlands",on farming systems,Conceptual model (non-quantitative); Other: Mixed methods,No,,
114,Meuwissen 2019,A framework to assess the resilience of farming systems,Consensus,Yes,Netherlands,,Conceptual model (non-quantitative),No,,
112,Bondank 2020,Infrastructure Interdependency Failures From Extreme Weather Events as a Complex Process,Reviewer1,Yes,United States,,Conceptual model (non-quantitative),No,,
112,Bondank 2020,Infrastructure Interdependency Failures From Extreme Weather Events as a Complex Process,Reviewer2,No,,,,,,
112,Bondank 2020,Infrastructure Interdependency Failures From Extreme Weather Events as a Complex Process,Consensus,No,,,,Other: ,,
111,Zhou 2022,"Spatiotemporal analysis of interactions between seasonal water, climate, land use, policy, and socioeconomic changes: Hulun-Buir Steppe as a Case Study",Reviewer1,Yes,China,,System dynamics model,No,,
111,Zhou 2022,"Spatiotemporal analysis of interactions between seasonal water, climate, land use, policy, and socioeconomic changes: Hulun-Buir Steppe as a Case Study",Reviewer2,Yes,China,,"Other: Coupled models, but very scarce details on models, unclear to me",No,,Spatial and temporal scale issues
111,Zhou 2022,"Spatiotemporal analysis of interactions between seasonal water, climate, land use, policy, and socioeconomic changes: Hulun-Buir Steppe as a Case Study",Consensus,Yes,China,,"Other: Coupled models, but very scarce details on models, unclear to me",No,,
110,Shariat 2019,Risk analysis of urban stormwater infrastructure systems using fuzzy spatial multi-criteria decision making,Reviewer1,Yes,Iran,,Agent-based model,,Validation / cross-validation (using empirical data),Model specification
110,Shariat 2019,Risk analysis of urban stormwater infrastructure systems using fuzzy spatial multi-criteria decision making,Reviewer2,Yes,"District 11 of the capital city of Iran, Tehran",,Other: Fuzzy Analytic Hierarchy Process,Yes,Other: fuzzy sets theory,Model specification
110,Shariat 2019,Risk analysis of urban stormwater infrastructure systems using fuzzy spatial multi-criteria decision making,Consensus,Yes,Iran,,Other: Fuzzy Analytic Hierarchy Process,Yes,Validation / cross-validation (using empirical data); Other: fuzzy sets theory,Model specification
109,Liu 2023,The Diffusion Rule of Demand-Oriented Biogas Supply in Distributed Renewable Energy System: An Evolutionary Game-Based Approach,Reviewer1,Yes,China,,System dynamics model; Other: Evolutionary game model,, Sensitivity analysis,Model specification
109,Liu 2023,The Diffusion Rule of Demand-Oriented Biogas Supply in Distributed Renewable Energy System: An Evolutionary Game-Based Approach,Reviewer2,Yes,China,,System dynamics model,Yes, Sensitivity analysis,
109,Liu 2023,The Diffusion Rule of Demand-Oriented Biogas Supply in Distributed Renewable Energy System: An Evolutionary Game-Based Approach,Consensus,Yes,China,,System dynamics model; Other: Evolutionary game model,Yes, Sensitivity analysis,Model specification
108,Pastick 2019,Spatiotemporal remote sensing of ecosystem change and causation across Alaska,Reviewer1,Yes,United States,,Other: combination of different linear regression models,Yes,Validation / cross-validation (using empirical data),
108,Pastick 2019,Spatiotemporal remote sensing of ecosystem change and causation across Alaska,Reviewer2,Yes,USA,,System dynamics model,No,,
108,Pastick 2019,Spatiotemporal remote sensing of ecosystem change and causation across Alaska,Consensus,Yes,USA,,Other: combination of different linear regression models,Yes,Validation / cross-validation (using empirical data),Model specification
107,Yani 2022,An Adaptive Fuzzy Multi-Criteria Model for Sustainability Assessment of Sugarcane Agroindustry Supply Chain,Reviewer1,Yes,Indonesia,,Other,Yes,Other: This study uses a fuzzy approach to manage uncertainty by transforming multi-criteria inputs into crisp outputs. It also compares the fuzzy model's accuracy with other methods such as multidimensional scaling (MDS) and linear models.,Model specification; Knowledge of the system; Spatial and temporal scale issues; Empirical data limitations
107,Yani 2022,An Adaptive Fuzzy Multi-Criteria Model for Sustainability Assessment of Sugarcane Agroindustry Supply Chain,Reviewer2,Yes,Indonesia,,"System dynamics model; Other: Supply chain model, a combination of fuzzy inference systems and adaptive neuro-fuzzy inference system",Yes,Validation / cross-validation (using empirical data); Other: Verification of individual model inputs through literature and interviews ,Model specification; Knowledge of the system; Empirical data limitations
107,Yani 2022,An Adaptive Fuzzy Multi-Criteria Model for Sustainability Assessment of Sugarcane Agroindustry Supply Chain,Consensus,Yes,Indonesia,,System dynamics model,Yes,Validation / cross-validation (using empirical data); Other: Verification of individual model inputs through literature and interviews ,Model specification; Knowledge of the system; Empirical data limitations
106,Ogbolumani 2021,Multi-objective optimisation of constrained food-energy-water-nexus systems for sustainable resource allocation,Reviewer1,Yes,South Africa,,Other: Multi-objective optimisation system modelling,No,,
106,Ogbolumani 2021,Multi-objective optimisation of constrained food-energy-water-nexus systems for sustainable resource allocation,Reviewer2,Yes,South Africa,,Other: Optimization,No,,
106,Ogbolumani 2021,Multi-objective optimisation of constrained food-energy-water-nexus systems for sustainable resource allocation,Consensus,Yes,South Africa,,Other: Multi-objective optimisation system modelling,No,,
105,Veerkamp 2020,Future projections of biodiversity and ecosystem services in Europe with two integrated assessment models,Reviewer1,No,Global,,Biophysical model,Yes,Other: Model intercomparison and comparison of model outcomes,Knowledge of the system
105,Veerkamp 2020,Future projections of biodiversity and ecosystem services in Europe with two integrated assessment models,Reviewer2,Yes,Europe,,Other: Integrated assessment models (IMAGE- GLOBIO and CLIMSAVE),No,,
105,Veerkamp 2020,Future projections of biodiversity and ecosystem services in Europe with two integrated assessment models,Consensus,Yes,Europe,,Biophysical model; Other: Integrated assessment models (IMAGE- GLOBIO and CLIMSAVE),No,,
104,Zandi 2024,GIS-Enabled Multi-Criteria Assessment for Hospital Site Suitability: A Case Study of Tehran,Reviewer1,Yes,"Tehran, Iran",,Conceptual model (non-quantitative),Yes, Sensitivity analysis,Model specification; Knowledge of the system; Spatial and temporal scale issues
104,Zandi 2024,GIS-Enabled Multi-Criteria Assessment for Hospital Site Suitability: A Case Study of Tehran,Reviewer2,Yes,Iran,,"Other: Suitability map using a combination of road networks, land use, and population information. ",Yes, Sensitivity analysis,Model specification
104,Zandi 2024,GIS-Enabled Multi-Criteria Assessment for Hospital Site Suitability: A Case Study of Tehran,Consensus,Yes,Iran,,"Other: Suitability mapping using a combination of road networks, land use, and population information. ",Yes, Sensitivity analysis,Model specification
102,daSilva 2020,Water sustainability assessment from the perspective of sustainable development capitals: Conceptual model and index based on literature review,Reviewer1,No,,,Conceptual model (non-quantitative),No,,
102,daSilva 2020,Water sustainability assessment from the perspective of sustainable development capitals: Conceptual model and index based on literature review,Reviewer2,Yes,Brazil,,Conceptual model (non-quantitative),No,,
102,daSilva 2020,Water sustainability assessment from the perspective of sustainable development capitals: Conceptual model and index based on literature review,Consensus,Yes,,,Conceptual model (non-quantitative),No,,
101,Mondal 2024,Sustainable-resilient-responsive supply chain with demand prediction: An interval type-2 robust programming approach,Reviewer1,Yes,India,,Other:  Robust-possibilistic programming,Yes,Sensitivity analysis using factorial design,Model specification
101,Mondal 2024,Sustainable-resilient-responsive supply chain with demand prediction: An interval type-2 robust programming approach,Reviewer2,Yes,India,,Conceptual model (non-quantitative); Other: Markov chain,Yes, Sensitivity analysis,Knowledge of the system; Spatial and temporal scale issues; Empirical data limitations
101,Mondal 2024,Sustainable-resilient-responsive supply chain with demand prediction: An interval type-2 robust programming approach,Consensus,Yes,India,Not sure if Factorial Design or not,"Conceptual model (non-quantitative); Other:  Robust-possibilistic programming, multi-objective mixed-integer programming model on sustainable-resilient-responsive supply chain, ",Yes, Sensitivity analysis; Sensitivity analysis using factorial design,Model specification; Knowledge of the system; Spatial and temporal scale issues; Empirical data limitations
100,Borji 2023,A Novel Sustainable Multi-objective Optimization Model for Steel Supply Chain Design Considering Technical and Managerial Issues: a Case Study,Reviewer1,Yes,Iran,,Other: multi-objective mixed-integer linear programming (MOMILP) model,Yes, Sensitivity analysis,Model specification; Knowledge of the system; Empirical data limitations
100,Borji 2023,A Novel Sustainable Multi-objective Optimization Model for Steel Supply Chain Design Considering Technical and Managerial Issues: a Case Study,Reviewer2,Yes,Iran,Case study was for Iran but model could be used elsewhere; not sure if there is an environmental component to this model,Other: SCND model,No, Sensitivity analysis,
100,Borji 2023,A Novel Sustainable Multi-objective Optimization Model for Steel Supply Chain Design Considering Technical and Managerial Issues: a Case Study,Consensus,Yes,Iran,Case study was for Iran but model could be used elsewhere; not sure if there is an environmental component to this model,"Conceptual model (non-quantitative); Other:  multi-
objective mixed-integer linear programming",Yes, Sensitivity analysis,Model specification; Knowledge of the system; Empirical data limitations
98,Muronda 2021,Uncertainty Analysis of Reservoir Operation Based on Stochastic Optimization Approach Using the Generalized Likelihood Uncertainty Estimation Method,Reviewer1,Yes,Iran,,Other: Statistical modeling,Yes,Other: Generalized likelihood uncertainty estimation,Model specification
98,Muronda 2021,Uncertainty Analysis of Reservoir Operation Based on Stochastic Optimization Approach Using the Generalized Likelihood Uncertainty Estimation Method,Reviewer2,Yes,Iran,,System dynamics model,Yes,Other: Comparison with other model,Model specification
98,Muronda 2021,Uncertainty Analysis of Reservoir Operation Based on Stochastic Optimization Approach Using the Generalized Likelihood Uncertainty Estimation Method,Consensus,Yes,Iran,,"Other: Autoregressive integrated moving average (ARIMA) and seasonal autoregressive integrated 
moving average (SARIMA) models",Yes,Other: Generalized likelihood uncertainty estimation,Model specification
97,Elleuch 2021,Solving a Multiple User Energy Source Selection Problem Using a Fuzzy Multi-Criteria Group Decision-Making Approach,Reviewer1,Yes,Tunisia,,Other: fuzzy multi-criteria group decision-making approach,Yes, Sensitivity analysis,Computing limitations
97,Elleuch 2021,Solving a Multiple User Energy Source Selection Problem Using a Fuzzy Multi-Criteria Group Decision-Making Approach,Reviewer2,Yes,Tunisia,,System dynamics model,Yes, Sensitivity analysis,Model specification
97,Elleuch 2021,Solving a Multiple User Energy Source Selection Problem Using a Fuzzy Multi-Criteria Group Decision-Making Approach,Consensus,Yes,Tunisia,,System dynamics model,Yes, Sensitivity analysis,Model specification
96,Halkia 2020,The Global Conflict Risk Index: A quantitative tool for policy support on conflict prevention,Reviewer1,Yes,Europe,,System dynamics model; Conceptual model (non-quantitative); Other: Global Conflict Risk Index Model,Yes,Validation / cross-validation (using empirical data),Spatial dependence & heterogeneity issues
96,Halkia 2020,The Global Conflict Risk Index: A quantitative tool for policy support on conflict prevention,Reviewer2,Yes,Global,,,,Validation / cross-validation (using empirical data),Model specification; Empirical data limitations
96,Halkia 2020,The Global Conflict Risk Index: A quantitative tool for policy support on conflict prevention,Consensus,Yes,Europe,,Conceptual model (non-quantitative); Other: Global Conflict Risk Index Model,Yes,Validation / cross-validation (using empirical data),Model specification; Spatial dependence & heterogeneity issues; Empirical data limitations
95,Estacio 2024,Impacts of socio-environmental policy mix on mitigating agricultural abandonment: An empirical agent-based modeling,Reviewer1,Yes,Philippines,,Agent-based model,Yes,Validation / cross-validation (using empirical data),Model specification; Spatial and temporal scale issues; Empirical data limitations
95,Estacio 2024,Impacts of socio-environmental policy mix on mitigating agricultural abandonment: An empirical agent-based modeling,Reviewer2,Yes,Philippines,,Agent-based model,Yes,Validation / cross-validation (using empirical data),Model specification; Knowledge of the system; Spatial and temporal scale issues; Computing limitations; Spatial dependence & heterogeneity issues; Empirical data limitations
95,Estacio 2024,Impacts of socio-environmental policy mix on mitigating agricultural abandonment: An empirical agent-based modeling,Consensus,Yes,Philippines,"Based on the interviews, a conceptual framework for the agent 
classes, agent attributes, agent behaviors, and agent interactions was 
derived (Fig. 2).",Agent-based model; Conceptual model (non-quantitative),Yes,Validation / cross-validation (using empirical data),Model specification; Knowledge of the system; Spatial and temporal scale issues; Computing limitations; Spatial dependence & heterogeneity issues; Empirical data limitations
94,Brugnach 2008,A broadened view on the role for models in natural resource management: Implications for model development,Reviewer1,No,,,,,,
94,Brugnach 2008,A broadened view on the role for models in natural resource management: Implications for model development,Reviewer2,No,,,,,,
94,Brugnach 2008,A broadened view on the role for models in natural resource management: Implications for model development,Consensus,No,,,,,,
93,Lu 2023,A Multi-Criteria Framework for Sustainability Evaluation of Hydrogen-Based Multi-Microgrid Systems under Triangular Intuitionistic Fuzzy Environment,Reviewer1,Yes,,,System dynamics model; Conceptual model (non-quantitative),Yes, Sensitivity analysis,
93,Lu 2023,A Multi-Criteria Framework for Sustainability Evaluation of Hydrogen-Based Multi-Microgrid Systems under Triangular Intuitionistic Fuzzy Environment,Reviewer2,Yes,The study did not mention any country/region of focus ,,Conceptual model (non-quantitative),Yes, Sensitivity analysis,Knowledge of the system; Empirical data limitations
93,Lu 2023,A Multi-Criteria Framework for Sustainability Evaluation of Hydrogen-Based Multi-Microgrid Systems under Triangular Intuitionistic Fuzzy Environment,Consensus,Yes,The study did not mention any country/region of focus ,,Conceptual model (non-quantitative),Yes, Sensitivity analysis,Knowledge of the system; Empirical data limitations
91,Neumann 2017,"Integrative analysis of the Lake Simcoe watershed (Ontario, Canada) as a socio-ecological system",Reviewer1,Yes,Canada,,Other: Self-Organizing Maps and Structural Equation Modeling (SEM),Yes,Validation / cross-validation (using empirical data),Model specification; Knowledge of the system; Spatial and temporal scale issues; Empirical data limitations
91,Neumann 2017,"Integrative analysis of the Lake Simcoe watershed (Ontario, Canada) as a socio-ecological system",Reviewer2,Yes,"Ontario, Canada",,System dynamics model,No,Other: Does not quantify model uncertainty,Other: Does not quantify model uncertainty
91,Neumann 2017,"Integrative analysis of the Lake Simcoe watershed (Ontario, Canada) as a socio-ecological system",Consensus,Yes,Canada,,Other: Self-Organizing Maps and Structural Equation Modeling (SEM),Yes,Validation / cross-validation (using empirical data),Model specification; Spatial and temporal scale issues; Empirical data limitations
90,Andriantiatsaholiniaina 2004,Evaluating strategies for sustainable development: fuzzy logic reasoning and sensitivity analysis,Reviewer1,Yes,"Greece, USA",,Other: fuzzy logic model,Yes, Sensitivity analysis,Model specification
90,Andriantiatsaholiniaina 2004,Evaluating strategies for sustainable development: fuzzy logic reasoning and sensitivity analysis,Reviewer2,Yes,Greece and the USA used as examples,,Other: Fuzzy logic model applied to human-environment indicators to develop scenarios of sustainable development outcomes,Yes, Sensitivity analysis,Model specification
90,Andriantiatsaholiniaina 2004,Evaluating strategies for sustainable development: fuzzy logic reasoning and sensitivity analysis,Consensus,Yes,Greece and USA,,Other: fuzzy logic model,Yes, Sensitivity analysis,Model specification
89,Khan 2022,Modelling and techno-economic analysis of standalone SPV/Wind hybrid renewable energy system with lead-acid battery technology for rural applications,Reviewer1,Yes,India,,Other: A Matlab-based model to combine different models for developing multi-domain Hybrid Renewable Energy Systems ,Yes, Sensitivity analysis,Model specification
89,Khan 2022,Modelling and techno-economic analysis of standalone SPV/Wind hybrid renewable energy system with lead-acid battery technology for rural applications,Reviewer2,Yes,India,,Other: The authors defined a Hybrid Renewable Energy System model in MATLAB/SIMULINK,Yes, Sensitivity analysis,Model specification
89,Khan 2022,Modelling and techno-economic analysis of standalone SPV/Wind hybrid renewable energy system with lead-acid battery technology for rural applications,Consensus,Yes,India,,Other: The authors defined a Hybrid Renewable Energy System model in MATLAB/SIMULINK,Yes, Sensitivity analysis,Model specification
88,Stutz 2014,Modeling the Pre-Industrial Roots of Modern Super-Exponential Population Growth,Reviewer1,Yes,Worldwide,population growth model,System dynamics model,Yes, Sensitivity analysis,Model specification; Knowledge of the system
88,Stutz 2014,Modeling the Pre-Industrial Roots of Modern Super-Exponential Population Growth,Reviewer2,Yes,Global,,System dynamics model,Yes, Sensitivity analysis,Model specification; Empirical data limitations
88,Stutz 2014,Modeling the Pre-Industrial Roots of Modern Super-Exponential Population Growth,Consensus,Yes,Global,population growth model,System dynamics model,Yes, Sensitivity analysis,Model specification; Knowledge of the system; Empirical data limitations
87,Memari 2021,Hybrid wind-municipal solid waste biomass power plant location selection considering waste collection problem: a case study,Reviewer1,Yes,Iran,,Conceptual model (non-quantitative),No,,
87,Memari 2021,Hybrid wind-municipal solid waste biomass power plant location selection considering waste collection problem: a case study,Reviewer2,Yes,Iran,,Other: Z-number Data Envelopment Analysis (DEA),Yes, Sensitivity analysis,Spatial and temporal scale issues
87,Memari 2021,Hybrid wind-municipal solid waste biomass power plant location selection considering waste collection problem: a case study,Consensus,Yes,Iran,,Conceptual model (non-quantitative); Other: Z-number Data Envelopment Analysis (DEA),Yes, Sensitivity analysis,Spatial and temporal scale issues
83,Batouli 2022,DyNet-LCCA: a simulation framework for dynamic network-level life- cycle cost analysis in evolving infrastructure systems,Reviewer1,Yes,USA (Miami Beach),,Agent-based model,Yes,Validation / cross-validation (using empirical data);  Sensitivity analysis,Model specification; Knowledge of the system; Empirical data limitations
83,Batouli 2022,DyNet-LCCA: a simulation framework for dynamic network-level life- cycle cost analysis in evolving infrastructure systems,Reviewer2,Yes,USA,,Agent-based model,Yes,Validation / cross-validation (using empirical data),Model specification
83,Batouli 2022,DyNet-LCCA: a simulation framework for dynamic network-level life- cycle cost analysis in evolving infrastructure systems,Consensus,Yes,USA,,Agent-based model,Yes,Validation / cross-validation (using empirical data);  Sensitivity analysis,Model specification; Knowledge of the system
81,MacAskill 2021,Examining green affordable housing policy outcomes in Australia: A systems approach,Reviewer1,Yes,Austrialia,,System dynamics model,Yes, Sensitivity analysis,Model specification
81,MacAskill 2021,Examining green affordable housing policy outcomes in Australia: A systems approach,Reviewer2,Yes,Australia,,System dynamics model,Yes, Sensitivity analysis,Other: Changes in input data
81,MacAskill 2021,Examining green affordable housing policy outcomes in Australia: A systems approach,Consensus,Yes,Australia,,System dynamics model,Yes, Sensitivity analysis,Model specification
80,Blake 2018,A deconvolutional Bayesian mixing model approach for river basin sediment source apportionment,Reviewer1,No,,,,,,
80,Blake 2018,A deconvolutional Bayesian mixing model approach for river basin sediment source apportionment,Reviewer2,Yes,The south west of England and the mid-hills of Nepal,,Other: Deconvolutional Bayesian mixing model,Yes, Sensitivity analysis,Spatial and temporal scale issues; Empirical data limitations
80,Blake 2018,A deconvolutional Bayesian mixing model approach for river basin sediment source apportionment,Consensus,No,,,,Other: ,,
79,Stineman 2001,"Defining the population, treatments, and outcomes of interest - Reconciling the rules of biology with meaningfulness",Reviewer1,Yes,,,Conceptual model (non-quantitative),No,,
79,Stineman 2001,"Defining the population, treatments, and outcomes of interest - Reconciling the rules of biology with meaningfulness",Reviewer2,Yes,"N/A, hypothetical patients",,Conceptual model (non-quantitative),No,,
79,Stineman 2001,"Defining the population, treatments, and outcomes of interest - Reconciling the rules of biology with meaningfulness",Consensus,Yes,"N/A, hypothetical patients",,Conceptual model (non-quantitative),No,,
78,LoPiano 2022,Unpacking the modelling process via sensitivity auditing,Reviewer1,Yes,mixed,,System dynamics model; Conceptual model (non-quantitative),Yes,Other: Sensitivity audit,Model specification
78,LoPiano 2022,Unpacking the modelling process via sensitivity auditing,Reviewer2,No,,,,,,
78,LoPiano 2022,Unpacking the modelling process via sensitivity auditing,Consensus,No,Various,More of a summary/perspectives paper,,Other: ,,
77,Polsky 2001,Adaptation to climate variability and change in the US Great Plains: A multi-scale analysis of Ricardian climate sensitivities,Reviewer1,Yes,US Great Plains,,System dynamics model,Yes, Sensitivity analysis,Model specification; Spatial and temporal scale issues
77,Polsky 2001,Adaptation to climate variability and change in the US Great Plains: A multi-scale analysis of Ricardian climate sensitivities,Reviewer2,Yes,USA,,Other: Multi-level regression model,Yes,Sensitivity analysis using factorial design,Spatial and temporal scale issues; Spatial dependence & heterogeneity issues
77,Polsky 2001,Adaptation to climate variability and change in the US Great Plains: A multi-scale analysis of Ricardian climate sensitivities,Consensus,Yes,USA,,Other: Multi-level regression model,Yes, Sensitivity analysis,Model specification; Spatial and temporal scale issues
76,Colovic 2021,A network design tool for railway electrification considering the environmental impact,Reviewer1,Yes,Italy,,System dynamics model,Yes, Sensitivity analysis,Knowledge of the system
76,Colovic 2021,A network design tool for railway electrification considering the environmental impact,Reviewer2,Yes,"Salento, Italy",railway network electrification design model,System dynamics model; Other: linear programming,Yes, Sensitivity analysis,Knowledge of the system
76,Colovic 2021,A network design tool for railway electrification considering the environmental impact,Consensus,Yes,Italy,railway network electrification design model,System dynamics model; Other: linear programming,Yes, Sensitivity analysis,Knowledge of the system
73,Marohn 2013,A software coupling approach to assess low-cost soil conservation strategies for highland agriculture in Vietnam,Reviewer1,Yes,Vietnam,,Agent-based model,Yes,Validation / cross-validation (using empirical data),Spatial and temporal scale issues; Empirical data limitations
73,Marohn 2013,A software coupling approach to assess low-cost soil conservation strategies for highland agriculture in Vietnam,Reviewer2,Yes,Vietnam,,Agent-based model,Yes, Sensitivity analysis,Empirical data limitations
73,Marohn 2013,A software coupling approach to assess low-cost soil conservation strategies for highland agriculture in Vietnam,Consensus,Yes,Vietnam,,Agent-based model,Yes,Validation / cross-validation (using empirical data);  Sensitivity analysis,Spatial and temporal scale issues; Empirical data limitations
72,Rocchi 2021,Sustainability of Rearing System Using Multicriteria Analysis: Application in Commercial Poultry Production,Reviewer1,No,central Italy,,,,,
72,Rocchi 2021,Sustainability of Rearing System Using Multicriteria Analysis: Application in Commercial Poultry Production,Reviewer2,Yes,Italy,,Other:  Multicriteria Analysis,Yes, Sensitivity analysis,Knowledge of the system; Empirical data limitations
72,Rocchi 2021,Sustainability of Rearing System Using Multicriteria Analysis: Application in Commercial Poultry Production,Consensus,Yes,Italy,,Other:  Multicriteria Analysis,Yes, Sensitivity analysis,Knowledge of the system; Empirical data limitations
71,Viana 2022,Multidimensional risk assessment and categorization of hydrogen pipelines,Reviewer1,Yes,Brazil,,Other: ELECTRE TRI? Please check Fig.1,Yes, Sensitivity analysis; Other: Probabilistic modeling,Model specification; Knowledge of the system; Computing limitations; Empirical data limitations
71,Viana 2022,Multidimensional risk assessment and categorization of hydrogen pipelines,Reviewer2,Yes,not specify,,Other: Multidimensional Risk Assessment and Categorization model,Yes,"Other: consequence function, which is the probability functions are assigned to represent the magnitude of consequences, ",Knowledge of the system
71,Viana 2022,Multidimensional risk assessment and categorization of hydrogen pipelines,Consensus,Yes,,,Other: Multidimensional Risk Assessment and Categorization model,Yes," Sensitivity analysis; Other: consequence function, which is the probability functions are assigned to represent the magnitude of consequences",Model specification; Knowledge of the system; Computing limitations; Empirical data limitations
69,Celino 2011,Explorative Nature of Negotiation in Participatory Decision Making for Sustainability,Reviewer1,Yes,"Torre Guaceto wetland, a Natural Reserve in
Southern Italy.",,Conceptual model (non-quantitative),No,,
69,Celino 2011,Explorative Nature of Negotiation in Participatory Decision Making for Sustainability,Reviewer2,Yes,Italy,,Conceptual model (non-quantitative),No,,
69,Celino 2011,Explorative Nature of Negotiation in Participatory Decision Making for Sustainability,Consensus,Yes,Italy,,Conceptual model (non-quantitative),No,,
68,Liu 2021,"Dynamics of local impacts in low-carbon transition: Agent-based modeling of lithium mining-community-aquifer interactions in Salar de Atacama, Chile",Reviewer1,Yes,"Salar de Atacama, Chile",,Agent-based model,No,,
68,Liu 2021,"Dynamics of local impacts in low-carbon transition: Agent-based modeling of lithium mining-community-aquifer interactions in Salar de Atacama, Chile",Reviewer2,Yes,"Salar de Atacama, Chile",,Agent-based model,Yes, Sensitivity analysis,Knowledge of the system; Empirical data limitations
68,Liu 2021,"Dynamics of local impacts in low-carbon transition: Agent-based modeling of lithium mining-community-aquifer interactions in Salar de Atacama, Chile",Consensus,Yes,"Salar de Atacama, Chile",,Agent-based model,Yes,Validation / cross-validation (using empirical data);  Sensitivity analysis,Model specification; Knowledge of the system; Empirical data limitations
63,Asamoah 2020,Global stability and cost-effectiveness analysis of COVID-19 considering the impact of the environment: using data from Ghana,Reviewer1,Yes,Ghana,"Don't specifically name the type of model, just that it is deterministic ",Other,,Validation / cross-validation (using empirical data);  Sensitivity analysis,
63,Asamoah 2020,Global stability and cost-effectiveness analysis of COVID-19 considering the impact of the environment: using data from Ghana,Reviewer2,Yes,,,Other: Compartmental / mathematical model for virus transmission,Yes,Validation / cross-validation (using empirical data);  Sensitivity analysis,Model specification; Knowledge of the system
63,Asamoah 2020,Global stability and cost-effectiveness analysis of COVID-19 considering the impact of the environment: using data from Ghana,Consensus,Yes,Ghana,Deterministic model,Other,Other: yes,Validation / cross-validation (using empirical data);  Sensitivity analysis,Model specification; Knowledge of the system
60,Krol 2007,Regional integrated modelling of climate change impacts on natural resources and resource usage in semi-arid Northeast Brazil,Reviewer1,Yes,Brazil,,Other: Integrated modeling,Yes,Validation / cross-validation (using empirical data),Model specification
60,Krol 2007,Regional integrated modelling of climate change impacts on natural resources and resource usage in semi-arid Northeast Brazil,Reviewer2,Yes,Northeast Brazil,,System dynamics model,Yes,Validation / cross-validation (using empirical data),Knowledge of the system
60,Krol 2007,Regional integrated modelling of climate change impacts on natural resources and resource usage in semi-arid Northeast Brazil,Consensus,Yes,Brazil,,System dynamics model; Other: Integrated modeling,Yes,Validation / cross-validation (using empirical data),Model specification; Knowledge of the system
55,Polsky 2004,"Putting space and time in Ricardian climate change impact studies: Agriculture in the US Great Plains, 1969-1992",Reviewer1,Yes,USA,,Other: Spatial econometric models,Yes,Other: Estimation of statistical errors,Model specification; Spatial and temporal scale issues; Spatial dependence & heterogeneity issues
55,Polsky 2004,"Putting space and time in Ricardian climate change impact studies: Agriculture in the US Great Plains, 1969-1992",Reviewer2,Yes,United States,,Other: spatial econometric models,No,,
55,Polsky 2004,"Putting space and time in Ricardian climate change impact studies: Agriculture in the US Great Plains, 1969-1992",Consensus,Yes,USA,,Other: Spatial econometric models,Yes,Other,Model specification; Spatial and temporal scale issues; Spatial dependence & heterogeneity issues
54,Deroliya 2022,A novel flood risk mapping approach with machine learning considering geomorphic and socio-economic vulnerability dimensions,Reviewer1,Yes,India,,System dynamics model,,Validation / cross-validation (using empirical data),Model specification
54,Deroliya 2022,A novel flood risk mapping approach with machine learning considering geomorphic and socio-economic vulnerability dimensions,Reviewer2,Yes,India,flood risk mapping framework,Other: machine learning models,Yes,Validation / cross-validation (using empirical data),Model specification
54,Deroliya 2022,A novel flood risk mapping approach with machine learning considering geomorphic and socio-economic vulnerability dimensions,Consensus,Yes,India,flood risk mapping framework,Other,Yes,Validation / cross-validation (using empirical data),Model specification
53,Lepper 2022,The Role of the Environment in Dynamics of Antibiotic Resistance in Humans and Animals: A Modelling Study,Reviewer1,Yes,unspecified,,Other: No uncertainty quantification,,Other: No uncertainty quantification,Other: No uncertainty quantification
53,Lepper 2022,The Role of the Environment in Dynamics of Antibiotic Resistance in Humans and Animals: A Modelling Study,Reviewer2,Yes,N/A non-location specific,,System dynamics model,Yes, Sensitivity analysis,Model specification; Knowledge of the system; Empirical data limitations
53,Lepper 2022,The Role of the Environment in Dynamics of Antibiotic Resistance in Humans and Animals: A Modelling Study,Consensus,Yes,unspecified,Epidemiological model,System dynamics model; Other: Epidemiological model,Yes, Sensitivity analysis,Model specification; Spatial and temporal scale issues; Empirical data limitations
52,Letourneau 2012,A land-use systems approach to represent land-use dynamics at continental and global scales,Reviewer1,Yes,Global,,System dynamics model; Conceptual model (non-quantitative),Yes,Other,Empirical data limitations
52,Letourneau 2012,A land-use systems approach to represent land-use dynamics at continental and global scales,Reviewer2,Yes,global,,Conceptual model (non-quantitative),No,,
52,Letourneau 2012,A land-use systems approach to represent land-use dynamics at continental and global scales,Consensus,Yes,Global,,System dynamics model; Conceptual model (non-quantitative),No,,Empirical data limitations
51,Yang 2020,Patch-based cellular automata model of urban growth simulation: Integrating feedback between quantitative composition and spatial configuration,Reviewer1,Yes,"Ezhou City, Hubei Province, China",,System dynamics model,Yes,Other: Monte Carlo simulation,Spatial dependence & heterogeneity issues
51,Yang 2020,Patch-based cellular automata model of urban growth simulation: Integrating feedback between quantitative composition and spatial configuration,Reviewer2,Yes,China,,Other: Cellular Automata,,Validation / cross-validation (using empirical data),Model specification; Knowledge of the system; Spatial and temporal scale issues; Spatial dependence & heterogeneity issues
51,Yang 2020,Patch-based cellular automata model of urban growth simulation: Integrating feedback between quantitative composition and spatial configuration,Consensus,Yes,China,CA model counts as ABM?,System dynamics model; Other: Cellular Automata,Yes,Validation / cross-validation (using empirical data); Other: Monte Carlo simulation,Model specification; Knowledge of the system; Spatial and temporal scale issues; Spatial dependence & heterogeneity issues
45,Williams 2020,Assessing model equifinality for robust policy analysis in complex socio-environmental systems,Reviewer1,Yes,Ethiopia ,,Agent-based model,, Sensitivity analysis; Other: Equifinality ,Model specification
45,Williams 2020,Assessing model equifinality for robust policy analysis in complex socio-environmental systems,Reviewer2,Yes,Ethiopia,,Agent-based model,Yes, Sensitivity analysis,Model specification
45,Williams 2020,Assessing model equifinality for robust policy analysis in complex socio-environmental systems,Consensus,Yes,Ethiopia,,Agent-based model,Yes, Sensitivity analysis,Model specification
43,Zhan 2023,High-resolution livestock seasonal distribution data on the Qinghai-Tibet Plateau in 2020,Reviewer1,Yes,China,,Biophysical model; Other: Machine learning (random forest),Yes,Validation / cross-validation (using empirical data),Model specification
43,Zhan 2023,High-resolution livestock seasonal distribution data on the Qinghai-Tibet Plateau in 2020,Reviewer2,Yes,China,,Other: Machine learning model: .RandomForestRegress,No,,
43,Zhan 2023,High-resolution livestock seasonal distribution data on the Qinghai-Tibet Plateau in 2020,Consensus,Yes,China,consider GLW3 a biophysical model?,Biophysical model; Other: Machine learning (random forest),Yes,Validation / cross-validation (using empirical data),Model specification
42,Cabello 2015,River basins as social-ecological systems: linking levels of societal and ecosystem water metabolism in a semiarid watershed,Reviewer1,No,Upper Andarax Watershed (Spain) ,Consisted of two distinct models for eco-hydrology and societal accounting,,,,
42,Cabello 2015,River basins as social-ecological systems: linking levels of societal and ecosystem water metabolism in a semiarid watershed,Reviewer2,,Spain,,System dynamics model; Biophysical model,,Validation / cross-validation (using empirical data),Empirical data limitations
42,Cabello 2015,River basins as social-ecological systems: linking levels of societal and ecosystem water metabolism in a semiarid watershed,Consensus,Yes,Upper Andarax Watershed (Spain) ,,System dynamics model; Biophysical model,,Validation / cross-validation (using empirical data),Empirical data limitations
40,Elsawah 2020,Scenario processes for socio-environmental systems analysis of futures: A review of recent efforts and a salient research agenda for supporting decision making,Reviewer1,Yes,This is a survey paper.,,Other: This is a survey paper.,No,Other: This is a survey paper.,Other: This is a survey paper.
40,Elsawah 2020,Scenario processes for socio-environmental systems analysis of futures: A review of recent efforts and a salient research agenda for supporting decision making,Reviewer2,No,,,,,,
40,Elsawah 2020,Scenario processes for socio-environmental systems analysis of futures: A review of recent efforts and a salient research agenda for supporting decision making,Consensus,No,,,,No,,
39,Wang 2020,Emergence of urban clustering among US cities under environmental stressors,Reviewer1,No,USA,,,,,
39,Wang 2020,Emergence of urban clustering among US cities under environmental stressors,Reviewer2,Yes,US,,System dynamics model; Biophysical model; Conceptual model (non-quantitative),Yes, Sensitivity analysis,Knowledge of the system; Spatial and temporal scale issues; Empirical data limitations
39,Wang 2020,Emergence of urban clustering among US cities under environmental stressors,Consensus,No,USA,,,Other: ,,
37,Lee 2019,Dimension reduction of multivariate outputs of socio-environmental agent-based models,Reviewer1,Yes,US,,Agent-based model,Yes, Sensitivity analysis,Model specification; Spatial and temporal scale issues; Empirical data limitations
37,Lee 2019,Dimension reduction of multivariate outputs of socio-environmental agent-based models,Reviewer2,Yes,US,,Agent-based model,Yes, Sensitivity analysis,Knowledge of the system; Spatial and temporal scale issues; Empirical data limitations
37,Lee 2019,Dimension reduction of multivariate outputs of socio-environmental agent-based models,Consensus,Yes,US,,Agent-based model,Yes, Sensitivity analysis,Model specification; Knowledge of the system; Spatial and temporal scale issues; Empirical data limitations
36,Liu 2013,Simulating the Conversion of Rural Settlements to Town Land Based on Multi-Agent Systems and Cellular Automata,Reviewer1,Yes,Towns in Chinas,,System dynamics model,No,,
36,Liu 2013,Simulating the Conversion of Rural Settlements to Town Land Based on Multi-Agent Systems and Cellular Automata,Reviewer2,Yes,China,,Agent-based model,,Other: Compared to pre-existing model,Model specification
36,Liu 2013,Simulating the Conversion of Rural Settlements to Town Land Based on Multi-Agent Systems and Cellular Automata,Consensus,Yes,China,"""We
simulated the town expansion from 2005 to 2010 in the three
towns and compared the actual 2010 results with the simulated
2010 results to validate the accuracy of the simulation.""",Agent-based model,Yes,Validation / cross-validation (using empirical data); Other: Compared to pre-existing model,Model specification; Empirical data limitations
35,Villamor 2013,Validating human decision making in an agent-based land-use model,Reviewer1,Yes,"Three villages Lubuk Beringin, Laman Panjang, and Desa Buat located in Jambi Province (Sumatra), Indonesia",,Agent-based model,No,,
35,Villamor 2013,Validating human decision making in an agent-based land-use model,Reviewer2,Yes,Indonesia,,Agent-based model,Yes,"Validation / cross-validation (using empirical data); Other: surveys, RPGs",Model specification; Knowledge of the system; Empirical data limitations
35,Villamor 2013,Validating human decision making in an agent-based land-use model,Consensus,Yes,Indonesia,,Agent-based model,No,"Validation / cross-validation (using empirical data); Other: surveys, RPGs",Model specification; Knowledge of the system; Empirical data limitations
32,Zhijun 2022,Sustainable Tourism Supply Chain Assessment Using Hybrid Decision-Making Methods under Fuzzy Uncertainty,Reviewer1,Yes,Taiwan,,Other: The Service Preference model combined with Fuzzy-AHP and VIKOR method,No,,
32,Zhijun 2022,Sustainable Tourism Supply Chain Assessment Using Hybrid Decision-Making Methods under Fuzzy Uncertainty,Reviewer2,Yes,China,,Conceptual model (non-quantitative),No,,
32,Zhijun 2022,Sustainable Tourism Supply Chain Assessment Using Hybrid Decision-Making Methods under Fuzzy Uncertainty,Consensus,Yes,Taiwan,,Conceptual model (non-quantitative),No,,
31,Zhang 2016,A Stochastic ANP-GCE Approach for Vulnerability Assessment in the Water Supply System With Uncertainties,Reviewer1,Yes,China,,Other: network model (analytical network process with game cross evaluation (ANP-GCE)),Yes, Sensitivity analysis; Sensitivity analysis using factorial design,Model specification; Spatial and temporal scale issues; Empirical data limitations
31,Zhang 2016,A Stochastic ANP-GCE Approach for Vulnerability Assessment in the Water Supply System With Uncertainties,Reviewer2,Yes,China,The study focuses on the cities of Shanghai as a case study,Other: A multi-criteria decision-making approach for vulnerability assessment,Yes, Sensitivity analysis,Model specification
31,Zhang 2016,A Stochastic ANP-GCE Approach for Vulnerability Assessment in the Water Supply System With Uncertainties,Consensus,Yes,China,Focus on Shanghai as case study,Other: A multi-criteria decision-making approach for vulnerability assessment using network modeling (ANP-GCE),Yes, Sensitivity analysis; Sensitivity analysis using factorial design,Model specification; Empirical data limitations
30,Plag 2020,A goal-based approach to the identification of essential transformation variables in support of the implementation of the 2030 agenda for sustainable development,Reviewer1,No,,Describes models that can be used to advance SDG's but does not use any in particular,,,,
30,Plag 2020,A goal-based approach to the identification of essential transformation variables in support of the implementation of the 2030 agenda for sustainable development,Reviewer2,No,No specific region,,Other: Does not include a model,No,Other: Does not include a model,Other: Does not include a model
30,Plag 2020,A goal-based approach to the identification of essential transformation variables in support of the implementation of the 2030 agenda for sustainable development,Consensus,No,No specific region,Describes models that can be used to advance SDG's but does not use any in particular,Other: Does not include a model,No,Other: Does not include a model,Other: Does not include a model
28,Saqalli 2014,"Revisiting and modelling the woodland farming system of the early Neolithic Linear Pottery Culture (LBK), 5600-4900 BC",Reviewer1,Yes,Europe,"Not the typical SES model, this is from the journal ""Vegetation history and archaeobotany"" ","System dynamics model; Other: They call it a ""conceptual model"" in the conclusion but it does use quantitative data",No,,
28,Saqalli 2014,"Revisiting and modelling the woodland farming system of the early Neolithic Linear Pottery Culture (LBK), 5600-4900 BC",Reviewer2,Yes,temperate Europe,,Agent-based model,No,,
28,Saqalli 2014,"Revisiting and modelling the woodland farming system of the early Neolithic Linear Pottery Culture (LBK), 5600-4900 BC",Consensus,Yes,Europe,,System dynamics model,No,,
27,Hoberg 2017,Irreversibility and uncertainty cause an intergenerational equity-efficiency trade-off,Reviewer1,Yes,,,Other: two-non-overlapping-generations model,No,,
27,Hoberg 2017,Irreversibility and uncertainty cause an intergenerational equity-efficiency trade-off,Reviewer2,Yes,,,System dynamics model,Yes, Sensitivity analysis,Other: Uncertainty of the future (and how you should make decisions in the face of such uncertainty)
27,Hoberg 2017,Irreversibility and uncertainty cause an intergenerational equity-efficiency trade-off,Consensus,Yes,,,System dynamics model,No,,
24,Song 2024,Mapping the Unheard: Analyzing Tradeoffs Between Fisheries and Offshore Wind Farms Using Multicriteria Decision Analysis,Reviewer1,Yes,California,,"Other: Three multicriteria decision models: weighted aggregated sum product assessment, technique for order of preference by similarity to ideal solution, analytical hierarchy process",No,,
24,Song 2024,Mapping the Unheard: Analyzing Tradeoffs Between Fisheries and Offshore Wind Farms Using Multicriteria Decision Analysis,Reviewer2,Yes,United States,,Other: Multicriteria Decision Analysis (MCDA) model,Yes, Sensitivity analysis,Model specification
24,Song 2024,Mapping the Unheard: Analyzing Tradeoffs Between Fisheries and Offshore Wind Farms Using Multicriteria Decision Analysis,Consensus,Yes,United States,,"Other: Three multicriteria decision models: weighted aggregated sum product assessment, technique for order of preference by similarity to ideal solution, analytical hierarchy process",Yes, Sensitivity analysis,Model specification
20,Iwanaga 2021,Socio-technical scales in socio-environmental modeling: Managing a system-of-systems modeling approach,Reviewer1,No,,,,,,
20,Iwanaga 2021,Socio-technical scales in socio-environmental modeling: Managing a system-of-systems modeling approach,Reviewer2,No,,,,,,
20,Iwanaga 2021,Socio-technical scales in socio-environmental modeling: Managing a system-of-systems modeling approach,Consensus,No,,,,,,
19,Student 2020,Simulating emerging coastal tourism vulnerabilities: an agent-based modelling approach,Reviewer1,Yes,Curacao,,Agent-based model,Yes, Sensitivity analysis,Empirical data limitations
19,Student 2020,Simulating emerging coastal tourism vulnerabilities: an agent-based modelling approach,Reviewer2,Yes,Curaçao,,Agent-based model,Yes, Sensitivity analysis,Model specification
19,Student 2020,Simulating emerging coastal tourism vulnerabilities: an agent-based modelling approach,Consensus,Yes,Curaçao,,Agent-based model,Yes, Sensitivity analysis,Model specification; Empirical data limitations
18,Goldspiel 2023,Snapshots of Nature-Based Recreation Across Rural Landscapes: Insights from Geotagged Photographs in the Northeastern United States,Reviewer1,No,"Northern Forest, northeastern US",,,,,
18,Goldspiel 2023,Snapshots of Nature-Based Recreation Across Rural Landscapes: Insights from Geotagged Photographs in the Northeastern United States,Reviewer2,Yes,US,,Other: Figure recognizes model - Clarifai's General model,Yes,Validation / cross-validation (using empirical data),Knowledge of the system; Spatial and temporal scale issues
18,Goldspiel 2023,Snapshots of Nature-Based Recreation Across Rural Landscapes: Insights from Geotagged Photographs in the Northeastern United States,Consensus,Yes,US,,Other: Clarifai's General model (neural network) ,Yes,Validation / cross-validation (using empirical data),Knowledge of the system; Spatial and temporal scale issues
16,Fang 2018,"Data Descriptor: High-resolution reconstruction of the United States human population distribution, 1790 to 2010",Reviewer1,Yes,Global,,Other: population distribution models,Yes,Validation / cross-validation (using empirical data),Model specification; Empirical data limitations
16,Fang 2018,"Data Descriptor: High-resolution reconstruction of the United States human population distribution, 1790 to 2010",Reviewer2,Yes,USA,,Agent-based model,Yes,Validation / cross-validation (using empirical data),Spatial and temporal scale issues; Spatial dependence & heterogeneity issues
16,Fang 2018,"Data Descriptor: High-resolution reconstruction of the United States human population distribution, 1790 to 2010",Consensus,Yes,USA,,Other: parsimonious population models,Yes,Validation / cross-validation (using empirical data),Model specification; Empirical data limitations
14,Wang 2019,Identification and evaluation of land use vulnerability in a coal mining area under the coupled human-environment,Reviewer1,Yes,China,,"Conceptual model (non-quantitative); Other: The study utilized a combination of models: SVM, Vulnerability Assessment Framework and Analytic Hierarchy Process (AHP)",No,,
14,Wang 2019,Identification and evaluation of land use vulnerability in a coal mining area under the coupled human-environment,Reviewer2,Yes,China,,Other: Vulnerability evaluation model and vulnerability index calculation model,Yes, Sensitivity analysis,Spatial and temporal scale issues
14,Wang 2019,Identification and evaluation of land use vulnerability in a coal mining area under the coupled human-environment,Consensus,Yes,China,,"Conceptual model (non-quantitative); Other: The study utilized a combination of models: SVM, Vulnerability Assessment Framework and Analytic Hierarchy Process (AHP)",No,,
13,Pal 2023,Dynamics of a coupled socio-environmental model: An application to global CO<sub>2</sub> emissions,Reviewer1,Yes,forest cover and CO2 concentration of the world,,Other: Coupled socio-environmental model ,, Sensitivity analysis,Model specification
13,Pal 2023,Dynamics of a coupled socio-environmental model: An application to global CO<sub>2</sub> emissions,Reviewer2,Yes,Global,,System dynamics model,No,,
13,Pal 2023,Dynamics of a coupled socio-environmental model: An application to global CO<sub>2</sub> emissions,Consensus,Yes,Global,,System dynamics model; Other: Coupled socio-environmental model ,Yes, Sensitivity analysis,Model specification
12,An 2005,Exploring complexity in a human-environment system: An agent-based spatial model for multidisciplinary and multiscale integration,Reviewer1,Yes,China,,Agent-based model,,Validation / cross-validation (using empirical data);  Sensitivity analysis,Model specification; Knowledge of the system; Spatial and temporal scale issues
12,An 2005,Exploring complexity in a human-environment system: An agent-based spatial model for multidisciplinary and multiscale integration,Reviewer2,Yes,China,,Agent-based model,Yes,Validation / cross-validation (using empirical data);  Sensitivity analysis,Model specification; Knowledge of the system; Spatial and temporal scale issues; Spatial dependence & heterogeneity issues; Empirical data limitations
12,An 2005,Exploring complexity in a human-environment system: An agent-based spatial model for multidisciplinary and multiscale integration,Consensus,Yes,China,,Agent-based model,Yes,Validation / cross-validation (using empirical data);  Sensitivity analysis,Model specification; Knowledge of the system; Spatial and temporal scale issues; Spatial dependence & heterogeneity issues; Empirical data limitations
11,Pearsall 2009,Linking the stressors and stressing the linkages: Human-environment vulnerability and brownfield redevelopment in New York City,Reviewer1,Yes,USA,,Other: Vulnerability Scoping Diagram,No,,
11,Pearsall 2009,Linking the stressors and stressing the linkages: Human-environment vulnerability and brownfield redevelopment in New York City,Reviewer2,No,,,,No,,
11,Pearsall 2009,Linking the stressors and stressing the linkages: Human-environment vulnerability and brownfield redevelopment in New York City,Consensus,Yes,USA,,Other: Vulnerability Scoping Diagram,No,,
10,Schimel 2015,"Analysis, Integration and Modeling of the Earth System (AIMES): Advancing the post-disciplinary understanding of coupled human-environment dynamics in the Anthropocene",Reviewer1,Yes,Earth,This is a more general overview paper,Biophysical model,Yes, Sensitivity analysis,Model specification; Knowledge of the system; Spatial and temporal scale issues; Empirical data limitations
10,Schimel 2015,"Analysis, Integration and Modeling of the Earth System (AIMES): Advancing the post-disciplinary understanding of coupled human-environment dynamics in the Anthropocene",Reviewer2,No,,,,,,
10,Schimel 2015,"Analysis, Integration and Modeling of the Earth System (AIMES): Advancing the post-disciplinary understanding of coupled human-environment dynamics in the Anthropocene",Consensus,No,,This is a more general overview paper,,Other: ,,
9,Roman 2018,The Dynamics of Human–Environment Interactions in the Collapse of the Classic Maya,Reviewer1,Yes,Southern Lowlands,,System dynamics model,Yes, Sensitivity analysis,Empirical data limitations
9,Roman 2018,The Dynamics of Human–Environment Interactions in the Collapse of the Classic Maya,Reviewer2,Yes,South America,,System dynamics model,Yes,Validation / cross-validation (using empirical data);  Sensitivity analysis,Knowledge of the system; Spatial and temporal scale issues; Empirical data limitations
9,Roman 2018,The Dynamics of Human–Environment Interactions in the Collapse of the Classic Maya,Consensus,Yes,South America,,System dynamics model,Yes,Validation / cross-validation (using empirical data);  Sensitivity analysis,Knowledge of the system; Spatial and temporal scale issues; Empirical data limitations
7,Convertino 2016,From city- to health-scapes: Multiscale design for population health,Reviewer1,Yes,USA,,System dynamics model,No,,
7,Convertino 2016,From city- to health-scapes: Multiscale design for population health,Consensus,Other: yes,USA,,System dynamics model,No,,
5,Le 2010,Land Use Dynamic Simulator (LUDAS): A multi-agent system model for simulating spatio-temporal dynamics of coupled human-landscape system. 2. Scenario-based application for impact assessment of land-use policies,Reviewer1,Yes,Vietnam,,Agent-based model,,Validation / cross-validation (using empirical data);  Sensitivity analysis,Knowledge of the system
5,Le 2010,Land Use Dynamic Simulator (LUDAS): A multi-agent system model for simulating spatio-temporal dynamics of coupled human-landscape system. 2. Scenario-based application for impact assessment of land-use policies,Reviewer2,Yes,Vietnam,,Agent-based model,Yes," Sensitivity analysis; Other: ""To quantify the uncertainty in the model outputs induced by the
uncertainties in its inputs, the method of independent replications""",
5,Le 2010,Land Use Dynamic Simulator (LUDAS): A multi-agent system model for simulating spatio-temporal dynamics of coupled human-landscape system. 2. Scenario-based application for impact assessment of land-use policies,Consensus,Yes,Vietnam,,Agent-based model,Yes,Validation / cross-validation (using empirical data);  Sensitivity analysis; Other,Knowledge of the system
4,Martínez-Fernández 2013,Sustainability of Mediterranean irrigated agro-landscapes,Reviewer1,Yes,Huerta Murcia (Spain),,System dynamics model,Yes,Validation / cross-validation (using empirical data);  Sensitivity analysis,Model specification
4,Martínez-Fernández 2013,Sustainability of Mediterranean irrigated agro-landscapes,Reviewer2,Yes,Spain,,System dynamics model,Yes, Sensitivity analysis,
4,Martínez-Fernández 2013,Sustainability of Mediterranean irrigated agro-landscapes,Consensus,Yes,Spain,,System dynamics model,Yes,Validation / cross-validation (using empirical data);  Sensitivity analysis,Model specification
